driver_id,full_name,phone,license_number,vehicle_plate,cab_type,rating,driver_status,joined_at,updated_at
DRV000001,Phạm Phương,+1-857-001-0053,MA-1000001,MA-001-0017,Lyft,4.87,ACTIVE,2016-04-06 00:00:00,2017-11-10 00:00:00
DRV000002,Đỗ Giang,+1-857-002-0106,MA-1000002,MA-002-0034,Uber,4.6,ACTIVE,2017-11-25 00:00:00,2018-01-11 00:00:00
DRV000003,Trần Hải,+1-857-003-0159,MA-1000003,MA-003-0051,Uber,4.85,ACTIVE,2016-10-02 00:00:00,2017-09-10 00:00:00
DRV000004,Hoàng Ngọc,+1-857-004-0212,MA-1000004,MA-004-0068,Uber,4.66,OFFLINE,2015-12-15 00:00:00,2016-11-21 00:00:00
DRV000005,Hoàng Khánh,+1-857-005-0265,MA-1000005,MA-005-0085,Lyft,4.79,ACTIVE,2017-01-15 00:00:00,2018-01-20 00:00:00
DRV000006,Nguyễn Nam,+1-857-006-0318,MA-1000006,MA-006-0102,Uber,4.75,ACTIVE,2016-10-10 00:00:00,2017-03-01 00:00:00
DRV000007,Đỗ Minh,+1-857-007-0371,MA-1000007,MA-007-0119,Uber,4.8,ACTIVE,2016-08-17 00:00:00,2017-10-06 00:00:00
DRV000008,Hoàng An,+1-857-008-0424,MA-1000008,MA-008-0136,Lyft,4.72,ACTIVE,2017-03-01 00:00:00,2018-07-24 00:00:00
DRV000009,Hoàng Hải,+1-857-009-0477,MA-1000009,MA-009-0153,Lyft,4.61,ACTIVE,2016-04-20 00:00:00,2017-10-28 00:00:00
DRV000010,Trần Lan,+1-857-010-0530,MA-1000010,MA-010-0170,Uber,4.68,ACTIVE,2018-09-03 00:00:00,2019-09-08 00:00:00
DRV000011,Hồ Chi,+1-857-011-0583,MA-1000011,MA-011-0187,Lyft,4.28,ACTIVE,2017-07-12 00:00:00,2017-10-29 00:00:00
DRV000012,Trần Lan,+1-857-012-0636,MA-1000012,MA-012-0204,Uber,4.81,ACTIVE,2015-11-05 00:00:00,2016-07-17 00:00:00
DRV000013,Hoàng Lan,+1-857-013-0689,MA-1000013,MA-013-0221,Uber,4.73,ACTIVE,2018-01-03 00:00:00,2019-05-12 00:00:00
DRV000014,Hoàng Khánh,857ABC9999,MA-1000014,MA-014-0238,Lyft,4.65,OFFLINE,2017-08-29 00:00:00,2018-12-17 00:00:00
DRV000015,Đặng An,+1-857-015-0795,MA-1000015,MA-015-0255,Lyft,4.85,ACTIVE,2018-02-27 00:00:00,2018-04-18 00:00:00
DRV000016,Hồ Ngọc,+1-857-016-0848,MA-1000016,MA-016-0272,Uber,4.89,OFFLINE,2016-11-23 00:00:00,2018-03-05 00:00:00
DRV000017,Hoàng Linh,+1-857-017-0901,MA-1000017,MA-017-0289,Lyft,4.88,ACTIVE,2015-08-01 00:00:00,2016-11-29 00:00:00
DRV000018,Hoàng Khánh,+1-857-018-0954,MA-1000018,MA-018-0306,Uber,4.91,ACTIVE,2016-06-24 00:00:00,2017-08-04 00:00:00
DRV000019,Lê Hải,+1-857-019-1007,MA-1000019,MA-019-0323,Lyft,4.75,ACTIVE,2018-03-14 00:00:00,2019-05-12 00:00:00
DRV000020,Trần Chi,+1-857-020-1060,MA-1000020,MA-020-0340,Uber,4.87,ACTIVE,2015-05-05 00:00:00,2015-06-27 00:00:00
DRV000021,Bùi An,+1-857-021-1113,MA-1000021,MA-021-0357,Uber,4.7,ACTIVE,2016-11-02 00:00:00,2017-12-09 00:00:00
DRV000022,Nguyễn Trang,+1-857-022-1166,MA-1000022,MA-022-0374,Lyft,4.79,ACTIVE,2017-01-12 00:00:00,2017-04-22 00:00:00
DRV000023,Lê Quân,+1-857-023-1219,MA-1000023,MA-023-0391,Uber,4.97,ACTIVE,2016-10-23 00:00:00,2017-07-27 00:00:00
DRV000024,Vũ An,+1-857-024-1272,MA-1000024,MA-024-0408,Uber,4.61,ACTIVE,2015-07-03 00:00:00,2016-03-17 00:00:00
DRV000025,Lê Lan,+1-857-025-1325,MA-1000025,MA-025-0425,Lyft,4.83,ACTIVE,2016-09-27 00:00:00,2018-01-10 00:00:00
DRV000026,Phạm Trang,+1-857-026-1378,MA-1000026,MA-026-0442,Lyft,4.64,ACTIVE,2017-07-06 00:00:00,2017-10-13 00:00:00
DRV000027,Trần Phương,+1-857-027-1431,MA-1000027,MA-027-0459,Uber,5.0,ACTIVE,2015-11-05 00:00:00,2016-02-13 00:00:00
DRV000028,Phạm Khánh,+1-857-028-1484,MA-1000028,MA-028-0476,Uber,4.61,ACTIVE,2015-02-09 00:00:00,2015-03-13 00:00:00
DRV000029,Đỗ Linh,+1-857-029-1537,MA-1000029,MA-029-0493,Uber,4.61,ACTIVE,2015-12-15 00:00:00,2016-03-10 00:00:00
DRV000030,Trần Giang,+1-857-030-1590,MA-1000030,MA-030-0510,Uber,4.78,ACTIVE,2017-12-30 00:00:00,2019-02-24 00:00:00
DRV000031,Bùi Ngọc,+1-857-031-1643,MA-1000031,MA-031-0527,Lyft,4.27,OFFLINE,2016-05-03 00:00:00,2016-12-25 00:00:00
DRV000032,Vũ Hà,+1-857-032-1696,MA-1000032,MA-032-0544,Uber,4.82,OFFLINE,2018-04-27 00:00:00,2019-12-04 00:00:00
DRV000033,Vũ Hương,+1-857-033-1749,MA-1000033,MA-033-0561,Uber,4.53,ACTIVE,2017-07-27 00:00:00,2018-08-31 00:00:00
DRV000034,Đặng Nam,+1-857-034-1802,MA-1000034,MA-034-0578,Uber,4.84,ACTIVE,2016-02-10 00:00:00,2016-04-07 00:00:00
DRV000035,Đỗ Phương,+1-857-035-1855,MA-1000035,MA-035-0595,Lyft,4.81,ACTIVE,2016-09-27 00:00:00,2017-09-22 00:00:00
DRV000036,Đỗ Nam,+1-857-036-1908,MA-1000036,MA-036-0612,Uber,4.63,ACTIVE,2016-05-06 00:00:00,2017-06-04 00:00:00
DRV000037,Lê Nam,+1-857-037-1961,MA-1000037,MA-037-0629,Uber,4.62,OFFLINE,2018-03-23 00:00:00,2018-04-22 00:00:00
DRV000038,Đỗ Giang,+1-857-038-2014,MA-1000038,MA-038-0646,Uber,4.83,ACTIVE,2017-03-19 00:00:00,2018-07-11 00:00:00
DRV000039,Nguyễn Hương,+1-857-039-2067,MA-1000039,MA-039-0663,Uber,4.77,ACTIVE,2017-06-17 00:00:00,2017-12-21 00:00:00
DRV000040,Nguyễn Linh,+1-857-040-2120,MA-1000040,MA-040-0680,Uber,4.8,ACTIVE,2016-09-11 00:00:00,2017-09-16 00:00:00
DRV000041,Đặng Quân,+1-857-041-2173,MA-1000041,MA-041-0697,Lyft,4.61,ACTIVE,2017-03-15 00:00:00,2018-04-15 00:00:00
DRV000042,Lê Linh,+1-857-042-2226,MA-1000042,MA-042-0714,Uber,4.54,ACTIVE,2017-07-30 00:00:00,2018-10-04 00:00:00
DRV000043,Hồ Lan,+1-857-043-2279,MA-1000043,MA-043-0731,Uber,4.59,ACTIVE,2015-11-16 00:00:00,2016-12-01 00:00:00
DRV000044,Nguyễn Nam,+1-857-044-2332,MA-1000044,MA-044-0748,Uber,4.88,ACTIVE,2016-09-03 00:00:00,2017-12-22 00:00:00
DRV000045,Hồ Dũng,+1-857-045-2385,MA-1000045,MA-045-0765,Uber,4.77,ACTIVE,2016-03-14 00:00:00,2016-07-20 00:00:00
DRV000046,Hồ Hương,+1-857-046-2438,MA-1000046,MA-046-0782,Uber,4.85,ACTIVE,2015-02-18 00:00:00,2015-12-26 00:00:00
DRV000047,Đỗ Chi,+1-857-047-2491,MA-1000047,MA-047-0799,Uber,4.82,ACTIVE,2015-04-17 00:00:00,2016-02-15 00:00:00
DRV000048,Trần Hà,+1-857-048-2544,MA-1000048,MA-048-0816,Lyft,4.65,ACTIVE,2016-04-16 00:00:00,2017-11-17 00:00:00
DRV000049,Nguyễn Hương,+1-857-049-2597,MA-1000049,MA-049-0833,Uber,4.76,ACTIVE,2015-11-19 00:00:00,2016-12-08 00:00:00
DRV000050,Trần Quân,+1-857-050-2650,MA-1000050,MA-050-0850,Lyft,4.74,ACTIVE,2017-11-10 00:00:00,2018-05-29 00:00:00
DRV000051,Bùi Trang,+1-857-051-2703,MA-1000051,MA-051-0867,Uber,4.82,ACTIVE,2016-08-28 00:00:00,2016-10-17 00:00:00
DRV000052,Lê Giang,+1-857-052-2756,MA-1000052,MA-052-0884,Lyft,4.6,ACTIVE,2017-02-05 00:00:00,2018-06-01 00:00:00
DRV000053,Phạm Lan,+1-857-053-2809,MA-1000053,MA-053-0901,Uber,4.91,OFFLINE,2018-09-06 00:00:00,2020-02-11 00:00:00
DRV000054,Lê Hà,+1-857-054-2862,MA-1000054,MA-054-0918,Uber,4.72,ACTIVE,2017-04-30 00:00:00,2017-08-20 00:00:00
DRV000055,Phạm Ngọc,+1-857-055-2915,MA-1000055,MA-055-0935,Uber,4.95,ACTIVE,2018-03-14 00:00:00,2019-08-23 00:00:00
DRV000056,Vũ Nam,+1-857-056-2968,MA-1000056,MA-056-0952,Lyft,4.83,ACTIVE,2016-07-26 00:00:00,2017-05-26 00:00:00
DRV000057,Phạm Hương,+1-857-057-3021,MA-1000057,MA-057-0969,Lyft,4.74,ACTIVE,2018-02-25 00:00:00,2018-09-05 00:00:00
DRV000058,Đặng An,+1-857-058-3074,MA-1000058,MA-058-0986,Uber,4.84,ACTIVE,2017-03-01 00:00:00,2017-07-15 00:00:00
DRV000059,Trần Linh,+1-857-059-3127,MA-1000059,MA-059-1003,Lyft,5.0,ACTIVE,2016-06-09 00:00:00,2017-08-04 00:00:00
DRV000060,Đỗ Quân,+1-857-060-3180,MA-1000060,MA-060-1020,Uber,5.0,OFFLINE,2017-06-21 00:00:00,2018-12-16 00:00:00
DRV000061,Đỗ Phương,+1-857-061-3233,MA-1000061,MA-061-1037,Uber,4.85,ACTIVE,2016-02-28 00:00:00,2016-09-30 00:00:00
DRV000062,Lê Linh,+1-857-062-3286,MA-1000062,MA-062-1054,Lyft,4.66,ACTIVE,2018-07-31 00:00:00,2019-07-04 00:00:00
DRV000063,Vũ Phương,+1-857-063-3339,MA-1000063,MA-063-1071,Uber,4.7,ACTIVE,2016-05-04 00:00:00,2017-12-13 00:00:00
DRV000064,Đỗ Dũng,+1-857-064-3392,MA-1000064,MA-064-1088,Lyft,4.71,ACTIVE,2016-12-12 00:00:00,2017-09-18 00:00:00
DRV000065,Hồ Lan,+1-857-065-3445,MA-1000065,MA-065-1105,Uber,4.78,SUSPENDED,2015-10-19 00:00:00,2015-11-21 00:00:00
DRV000066,Vũ Minh,+1-857-066-3498,MA-1000066,MA-066-1122,Uber,4.45,SUSPENDED,2017-01-05 00:00:00,2018-08-21 00:00:00
DRV000067,Lê Khánh,+1-857-067-3551,MA-1000067,MA-067-1139,Lyft,4.74,ACTIVE,2017-11-29 00:00:00,2018-10-22 00:00:00
DRV000068,Hoàng Bình,+1-857-068-3604,MA-1000068,MA-068-1156,Uber,4.81,ACTIVE,2016-12-16 00:00:00,2018-05-19 00:00:00
DRV000069,Nguyễn Hải,+1-857-069-3657,MA-1000069,MA-069-1173,Lyft,4.68,ACTIVE,2016-01-21 00:00:00,2016-06-12 00:00:00
DRV000070,Nguyễn Dũng,+1-857-070-3710,MA-1000070,MA-070-1190,Uber,4.92,ACTIVE,2016-09-25 00:00:00,2016-11-02 00:00:00
DRV000071,Vũ Trang,+1-857-071-3763,MA-1000071,MA-071-1207,Lyft,4.56,ACTIVE,2018-09-05 00:00:00,2020-01-20 00:00:00
DRV000072,Trần Lan,+1-857-072-3816,MA-1000072,MA-072-1224,Lyft,4.41,ACTIVE,2015-04-24 00:00:00,2015-05-11 00:00:00
DRV000073,Bùi Dũng,+1-857-073-3869,MA-1000073,MA-073-1241,Lyft,4.79,ACTIVE,2017-06-02 00:00:00,2018-08-04 00:00:00
DRV000074,Hoàng Khánh,+1-857-074-3922,MA-1000074,MA-074-1258,Lyft,4.6,ACTIVE,2018-05-16 00:00:00,2019-07-20 00:00:00
DRV000075,Hồ Trang,+1-857-075-3975,MA-1000075,MA-075-1275,Uber,5.0,ACTIVE,2016-05-05 00:00:00,2016-09-20 00:00:00
DRV000076,Phạm Nam,+1-857-076-4028,MA-1000076,MA-076-1292,Lyft,4.75,ACTIVE,2015-06-04 00:00:00,2016-06-18 00:00:00
DRV000077,Hoàng Quân,+1-857-077-4081,MA-1000077,MA-077-1309,Uber,4.64,ACTIVE,2017-09-14 00:00:00,2018-07-23 00:00:00
DRV000078,Vũ Ngọc,+1-857-078-4134,MA-1000078,MA-078-1326,Lyft,4.95,ACTIVE,2018-03-05 00:00:00,2018-04-07 00:00:00
DRV000079,Vũ Tuấn,+1-857-079-4187,MA-1000079,MA-079-1343,Lyft,4.7,ACTIVE,2016-05-09 00:00:00,2016-10-07 00:00:00
DRV000080,Trần Hà,+1-857-080-4240,MA-1000080,MA-080-1360,Lyft,4.75,ACTIVE,2017-01-29 00:00:00,2018-08-15 00:00:00
DRV000081,Bùi Linh,+1-857-081-4293,MA-1000081,MA-081-1377,Lyft,4.56,ACTIVE,2015-12-25 00:00:00,2016-01-29 00:00:00
DRV000082,Đỗ Tuấn,+1-857-082-4346,MA-1000082,MA-082-1394,Lyft,4.53,ACTIVE,2018-07-21 00:00:00,2018-08-31 00:00:00
DRV000083,Nguyễn Bình,+1-857-083-4399,MA-1000083,MA-083-1411,Lyft,4.71,ACTIVE,2015-07-12 00:00:00,2015-10-12 00:00:00
DRV000084,Phạm Khánh,+1-857-084-4452,MA-1000084,MA-084-1428,Uber,4.8,ACTIVE,2018-09-26 00:00:00,2019-01-26 00:00:00
DRV000085,Hồ An,+1-857-085-4505,MA-1000085,MA-085-1445,Lyft,4.75,ACTIVE,2015-06-06 00:00:00,2016-09-08 00:00:00
DRV000086,Vũ Quân,+1-857-086-4558,MA-1000086,MA-086-1462,Lyft,4.73,ACTIVE,2015-04-21 00:00:00,2016-02-14 00:00:00
DRV000087,Phạm Ngọc,+1-857-087-4611,MA-1000087,MA-087-1479,Uber,4.81,ACTIVE,2016-07-16 00:00:00,2016-07-17 00:00:00
DRV000088,Trần An,+1-857-088-4664,MA-1000088,MA-088-1496,Uber,4.69,OFFLINE,2015-05-13 00:00:00,2016-08-08 00:00:00
DRV000089,Phạm Quân,+1-857-089-4717,MA-1000089,MA-089-1513,Lyft,4.76,ACTIVE,2016-02-16 00:00:00,2016-02-16 00:00:00
DRV000090,Vũ Ngọc,+1-857-090-4770,MA-1000090,MA-090-1530,Uber,4.66,ACTIVE,2016-07-02 00:00:00,2016-09-15 00:00:00
DRV000091,Vũ Hương,+1-857-091-4823,MA-1000091,MA-091-1547,Lyft,4.9,ACTIVE,2017-11-09 00:00:00,2017-12-11 00:00:00
DRV000092,Đặng Chi,+1-857-092-4876,MA-1000092,MA-092-1564,Uber,4.92,OFFLINE,2016-07-22 00:00:00,2017-01-20 00:00:00
DRV000093,Hoàng Khánh,+1-857-093-4929,MA-1000093,MA-093-1581,Lyft,4.66,ACTIVE,2015-07-14 00:00:00,2016-06-24 00:00:00
DRV000094,Đặng Phương,+1-857-094-4982,MA-1000094,MA-094-1598,Uber,4.75,ACTIVE,2018-07-15 00:00:00,2018-10-03 00:00:00
DRV000095,Hoàng An,+1-857-095-5035,MA-1000095,MA-095-1615,Uber,4.53,ACTIVE,2016-09-19 00:00:00,2017-08-27 00:00:00
DRV000096,Phạm Phương,+1-857-096-5088,MA-1000096,MA-096-1632,Uber,4.62,ACTIVE,2016-10-01 00:00:00,2016-12-02 00:00:00
DRV000097,Vũ Hải,+1-857-097-5141,MA-1000097,MA-097-1649,Lyft,4.64,ACTIVE,2018-02-25 00:00:00,2019-08-17 00:00:00
DRV000098,Hoàng Tuấn,+1-857-098-5194,MA-1000098,MA-098-1666,Uber,4.84,ACTIVE,2015-09-05 00:00:00,2017-02-19 00:00:00
DRV000099,Bùi Hải,+1-857-099-5247,MA-1000099,MA-099-1683,Lyft,4.55,ACTIVE,2016-03-07 00:00:00,2016-08-10 00:00:00
DRV000100,Hồ Ngọc,+1-857-100-5300,MA-1000100,MA-100-1700,Lyft,5.0,ACTIVE,2015-11-22 00:00:00,2016-01-25 00:00:00
DRV000101,Trần Nam,+1-857-101-5353,MA-1000101,MA-101-1717,Uber,4.7,ACTIVE,2016-02-17 00:00:00,2017-05-20 00:00:00
DRV000102,Trần Tuấn,+1-857-102-5406,MA-1000102,MA-102-1734,Uber,4.63,ACTIVE,2017-04-12 00:00:00,2018-11-22 00:00:00
DRV000103,Bùi Minh,+1-857-103-5459,MA-1000103,MA-103-1751,Lyft,4.71,ACTIVE,2017-03-26 00:00:00,2017-05-09 00:00:00
DRV000104,Hoàng Ngọc,+1-857-104-5512,MA-1000104,MA-104-1768,Uber,4.7,ACTIVE,2017-10-03 00:00:00,2017-11-08 00:00:00
DRV000105,Hồ Dũng,+1-857-105-5565,MA-1000105,MA-105-1785,Lyft,4.63,ACTIVE,2016-11-29 00:00:00,2017-09-22 00:00:00
DRV000106,Đặng Khánh,+1-857-106-5618,MA-1000106,MA-106-1802,Lyft,4.63,ACTIVE,2015-06-17 00:00:00,2015-10-20 00:00:00
DRV000107,Vũ Ngọc,+1-857-107-5671,MA-1000107,MA-107-1819,Uber,4.65,ACTIVE,2016-12-09 00:00:00,2017-09-20 00:00:00
DRV000108,Hoàng Hương,+1-857-108-5724,MA-1000108,MA-108-1836,Uber,4.92,ACTIVE,2016-04-30 00:00:00,2017-09-24 00:00:00
DRV000109,Hồ Nam,+1-857-109-5777,MA-1000109,MA-109-1853,Uber,4.86,ACTIVE,2018-07-31 00:00:00,2019-11-04 00:00:00
DRV000110,Hồ Chi,+1-857-110-5830,MA-1000110,MA-110-1870,Lyft,4.87,ACTIVE,2016-07-22 00:00:00,2016-08-31 00:00:00
DRV000111,Phạm Linh,+1-857-111-5883,MA-1000111,MA-111-1887,Lyft,4.53,ACTIVE,2018-08-29 00:00:00,2019-05-04 00:00:00
DRV000112,Đặng Hương,+1-857-112-5936,MA-1000112,MA-112-1904,Uber,4.91,ACTIVE,2015-06-25 00:00:00,2017-01-02 00:00:00
DRV000113,Lê Trang,+1-857-113-5989,MA-1000113,MA-113-1921,Uber,4.61,OFFLINE,2015-02-27 00:00:00,2016-01-14 00:00:00
DRV000114,Phạm Phương,+1-857-114-6042,MA-1000114,MA-114-1938,Uber,4.44,ACTIVE,2015-08-02 00:00:00,2017-03-16 00:00:00
DRV000115,Nguyễn Hương,+1-857-115-6095,MA-1000115,MA-115-1955,Uber,4.7,ACTIVE,2015-02-10 00:00:00,2016-08-14 00:00:00
DRV000116,Hoàng Nam,+1-857-116-6148,MA-1000116,MA-116-1972,Lyft,4.95,ACTIVE,2016-03-04 00:00:00,2017-05-05 00:00:00
DRV000117,Đỗ Phương,+1-857-117-6201,MA-1000117,MA-117-1989,Uber,4.74,OFFLINE,2015-10-09 00:00:00,2016-12-06 00:00:00
DRV000118,Phạm An,+1-857-118-6254,MA-1000118,MA-118-2006,Lyft,4.62,ACTIVE,2017-09-14 00:00:00,2019-03-03 00:00:00
DRV000119,Trần Trang,+1-857-119-6307,MA-1000119,MA-119-2023,Lyft,4.83,ACTIVE,2016-08-13 00:00:00,2017-11-20 00:00:00
DRV000120,Đỗ Minh,+1-857-120-6360,MA-1000120,MA-120-2040,Uber,4.76,ACTIVE,2016-11-19 00:00:00,2016-12-21 00:00:00
DRV000121,Trần Quân,+1-857-121-6413,MA-1000121,MA-121-2057,Lyft,4.79,ACTIVE,2017-02-04 00:00:00,2018-03-24 00:00:00
DRV000122,Phạm Dũng,+1-857-122-6466,MA-1000122,MA-122-2074,Lyft,4.91,ACTIVE,2017-04-25 00:00:00,2017-10-28 00:00:00
DRV000123,Nguyễn Tuấn,+1-857-123-6519,MA-1000123,MA-123-2091,Uber,4.56,ACTIVE,2015-06-23 00:00:00,2016-09-14 00:00:00
DRV000124,Phạm Hương,+1-857-124-6572,MA-1000124,MA-124-2108,Lyft,4.68,OFFLINE,2017-05-31 00:00:00,2018-06-03 00:00:00
DRV000125,Lê Khánh,+1-857-125-6625,MA-1000125,MA-125-2125,Uber,5.0,ACTIVE,2015-04-07 00:00:00,2015-11-23 00:00:00
DRV000126,Đặng Dũng,+1-857-126-6678,MA-1000126,MA-126-2142,Lyft,4.88,ACTIVE,2018-01-22 00:00:00,2019-07-14 00:00:00
DRV000127,Bùi Hương,+1-857-127-6731,MA-1000127,MA-127-2159,Uber,4.74,ACTIVE,2016-12-07 00:00:00,2017-09-06 00:00:00
DRV000128,Hoàng Linh,+1-857-128-6784,MA-1000128,MA-128-2176,Uber,4.46,ACTIVE,2018-06-27 00:00:00,2019-11-12 00:00:00
DRV000129,Đỗ Chi,+1-857-129-6837,MA-1000129,MA-129-2193,Uber,4.9,ACTIVE,2017-06-08 00:00:00,2018-06-13 00:00:00
DRV000130,Vũ Trang,+1-857-130-6890,MA-1000130,MA-130-2210,Lyft,4.79,ACTIVE,2015-07-27 00:00:00,2015-10-12 00:00:00
DRV000131,Phạm Hà,+1-857-131-6943,MA-1000131,MA-131-2227,Uber,4.41,ACTIVE,2017-12-08 00:00:00,2019-03-03 00:00:00
DRV000132,Phạm Nam,+1-857-132-6996,MA-1000132,MA-132-2244,Uber,4.89,ACTIVE,2016-03-06 00:00:00,2016-11-12 00:00:00
DRV000133,Hoàng Minh,+1-857-133-7049,MA-1000133,MA-133-2261,Uber,4.52,ACTIVE,2018-05-15 00:00:00,2019-04-02 00:00:00
DRV000134,Phạm Bình,+1-857-134-7102,MA-1000134,MA-134-2278,Lyft,4.64,ACTIVE,2017-11-18 00:00:00,2018-08-25 00:00:00
DRV000135,Trần Chi,+1-857-135-7155,MA-1000135,MA-135-2295,Uber,4.96,ACTIVE,2017-09-09 00:00:00,2017-12-26 00:00:00
DRV000136,Đỗ Tuấn,+1-857-136-7208,MA-1000136,MA-136-2312,Uber,4.68,ACTIVE,2015-11-20 00:00:00,2017-02-04 00:00:00
DRV000137,Đỗ Trang,+1-857-137-7261,MA-1000137,MA-137-2329,Uber,4.73,ACTIVE,2018-04-12 00:00:00,2019-04-01 00:00:00
DRV000138,Đỗ Hà,+1-857-138-7314,MA-1000138,MA-138-2346,Lyft,4.75,ACTIVE,2017-02-04 00:00:00,2017-10-22 00:00:00
DRV000139,Đặng Chi,+1-857-139-7367,MA-1000139,MA-139-2363,Lyft,4.9,ACTIVE,2015-06-01 00:00:00,2016-11-09 00:00:00
DRV000140,Hồ Tuấn,+1-857-140-7420,MA-1000140,MA-140-2380,Lyft,4.79,ACTIVE,2017-09-15 00:00:00,2019-02-16 00:00:00
DRV000141,Đỗ Hải,+1-857-141-7473,MA-1000141,MA-141-2397,Uber,4.86,ACTIVE,2016-02-10 00:00:00,2016-03-05 00:00:00
DRV000142,Đỗ Giang,+1-857-142-7526,MA-1000142,MA-142-2414,Uber,5.0,ACTIVE,2017-05-26 00:00:00,2017-10-07 00:00:00
DRV000143,Vũ Chi,+1-857-143-7579,MA-1000143,MA-143-2431,Uber,4.74,ACTIVE,2015-11-30 00:00:00,2016-07-20 00:00:00
DRV000144,Bùi Lan,+1-857-144-7632,MA-1000144,MA-144-2448,Uber,4.94,ACTIVE,2018-06-30 00:00:00,2019-08-21 00:00:00
DRV000145,Vũ Tuấn,+1-857-145-7685,MA-1000145,MA-145-2465,Lyft,4.64,OFFLINE,2016-05-27 00:00:00,2016-06-24 00:00:00
DRV000146,Vũ Trang,+1-857-146-7738,MA-1000146,MA-146-2482,Lyft,4.68,ACTIVE,2017-01-03 00:00:00,2018-03-14 00:00:00
DRV000147,Hồ Tuấn,+1-857-147-7791,MA-1000147,MA-147-2499,Uber,4.7,ACTIVE,2017-12-17 00:00:00,2018-07-12 00:00:00
DRV000148,Trần Lan,+1-857-148-7844,MA-1000148,MA-148-2516,Uber,4.45,ACTIVE,2017-12-04 00:00:00,2018-07-06 00:00:00
DRV000149,Hoàng Minh,+1-857-149-7897,MA-1000149,MA-149-2533,Lyft,5.0,ACTIVE,2016-12-03 00:00:00,2018-04-28 00:00:00
DRV000150,Lê An,+1-857-150-7950,MA-1000150,MA-150-2550,Uber,4.68,ACTIVE,2016-12-27 00:00:00,2017-03-01 00:00:00
DRV000151,Vũ Hương,+1-857-151-8003,MA-1000151,MA-151-2567,Lyft,4.64,ACTIVE,2018-08-10 00:00:00,2018-09-13 00:00:00
DRV000152,Phạm Trang,+1-857-152-8056,MA-1000152,MA-152-2584,Uber,4.82,ACTIVE,2017-12-31 00:00:00,2018-08-23 00:00:00
DRV000153,Trần Phương,+1-857-153-8109,MA-1000153,MA-153-2601,Uber,4.87,ACTIVE,2018-09-12 00:00:00,2019-08-13 00:00:00
DRV000154,Bùi Dũng,+1-857-154-8162,MA-1000154,MA-154-2618,Lyft,4.69,ACTIVE,2017-05-10 00:00:00,2017-12-26 00:00:00
DRV000155,Hoàng Hà,+1-857-155-8215,MA-1000155,MA-155-2635,Uber,4.68,OFFLINE,2016-08-13 00:00:00,2017-08-09 00:00:00
DRV000156,Đỗ Hải,+1-857-156-8268,MA-1000156,MA-156-2652,Lyft,4.76,ACTIVE,2017-09-19 00:00:00,2018-05-22 00:00:00
DRV000157,Phạm Lan,+1-857-157-8321,MA-1000157,MA-157-2669,Uber,4.87,OFFLINE,2017-08-21 00:00:00,2018-03-21 00:00:00
DRV000158,Trần Quân,+1-857-158-8374,MA-1000158,MA-158-2686,Lyft,4.54,ACTIVE,2017-07-19 00:00:00,2017-08-10 00:00:00
DRV000159,Đặng Hải,+1-857-159-8427,MA-1000159,MA-159-2703,Lyft,4.63,ACTIVE,2017-04-05 00:00:00,2017-10-21 00:00:00
DRV000160,Bùi Nam,+1-857-160-8480,MA-1000160,MA-160-2720,Lyft,4.47,ACTIVE,2017-08-03 00:00:00,2018-04-19 00:00:00
DRV000161,Trần Dũng,+1-857-161-8533,MA-1000161,MA-161-2737,Uber,4.85,ACTIVE,2015-11-17 00:00:00,2016-02-11 00:00:00
DRV000162,Nguyễn Bình,+1-857-162-8586,MA-1000162,MA-162-2754,Lyft,4.74,ACTIVE,2018-08-07 00:00:00,2018-11-25 00:00:00
DRV000163,Vũ An,+1-857-163-8639,MA-1000163,MA-163-2771,Lyft,4.71,ACTIVE,2016-01-01 00:00:00,2017-03-06 00:00:00
DRV000164,Lê Trang,+1-857-164-8692,MA-1000164,MA-164-2788,Uber,4.79,ACTIVE,2016-03-26 00:00:00,2016-04-12 00:00:00
DRV000165,Trần Phương,+1-857-165-8745,MA-1000165,MA-165-2805,Uber,4.44,ACTIVE,2015-12-10 00:00:00,2016-12-18 00:00:00
DRV000166,Hoàng Lan,+1-857-166-8798,MA-1000166,MA-166-2822,Uber,4.71,ACTIVE,2015-10-12 00:00:00,2015-10-17 00:00:00
DRV000167,Đỗ Hải,+1-857-167-8851,MA-1000167,MA-167-2839,Uber,4.55,ACTIVE,2017-11-25 00:00:00,2019-02-08 00:00:00
DRV000168,Bùi Ngọc,+1-857-168-8904,MA-1000168,MA-168-2856,Lyft,4.95,ACTIVE,2017-08-10 00:00:00,2018-09-22 00:00:00
DRV000169,Lê Hải,+1-857-169-8957,MA-1000169,MA-169-2873,Lyft,5.0,ACTIVE,2016-03-15 00:00:00,2017-01-21 00:00:00
DRV000170,Đỗ Lan,+1-857-170-9010,MA-1000170,MA-170-2890,Uber,4.61,ACTIVE,2018-01-26 00:00:00,2019-04-05 00:00:00
DRV000171,Nguyễn An,+1-857-171-9063,MA-1000171,MA-171-2907,Lyft,4.92,ACTIVE,2018-08-10 00:00:00,2019-10-12 00:00:00
DRV000172,Hoàng Lan,+1-857-172-9116,MA-1000172,MA-172-2924,Uber,4.59,ACTIVE,2017-09-30 00:00:00,2018-08-03 00:00:00
DRV000173,Vũ Lan,+1-857-173-9169,MA-1000173,MA-173-2941,Lyft,5.0,ACTIVE,2015-02-01 00:00:00,2016-02-01 00:00:00
DRV000174,Đỗ Hương,+1-857-174-9222,MA-1000174,MA-174-2958,Uber,5.0,ACTIVE,2015-02-01 00:00:00,2015-10-12 00:00:00
DRV000175,Hồ Khánh,+1-857-175-9275,MA-1000175,MA-175-2975,Lyft,4.6,ACTIVE,2016-03-02 00:00:00,2017-07-04 00:00:00
DRV000176,Vũ Hải,+1-857-176-9328,MA-1000176,MA-176-2992,Lyft,4.92,OFFLINE,2016-05-27 00:00:00,2017-05-21 00:00:00
DRV000177,Hoàng Khánh,+1-857-177-9381,MA-1000177,MA-177-3009,Lyft,4.46,ACTIVE,2016-08-07 00:00:00,2017-07-24 00:00:00
DRV000178,Trần Bình,+1-857-178-9434,MA-1000178,MA-178-3026,Uber,4.6,ACTIVE,2017-09-11 00:00:00,2017-10-01 00:00:00
DRV000179,Lê Nam,+1-857-179-9487,MA-1000179,MA-179-3043,Uber,4.61,ACTIVE,2018-01-07 00:00:00,2019-01-29 00:00:00
DRV000180,Đỗ Ngọc,+1-857-180-9540,MA-1000180,MA-180-3060,Uber,4.95,ACTIVE,2018-03-05 00:00:00,2018-04-16 00:00:00
DRV000181,Hoàng Ngọc,+1-857-181-9593,MA-1000181,MA-181-3077,Uber,4.88,ACTIVE,2015-08-10 00:00:00,2016-07-22 00:00:00
DRV000182,Bùi Giang,+1-857-182-9646,MA-1000182,MA-182-3094,Uber,4.7,ACTIVE,2015-03-08 00:00:00,2015-08-19 00:00:00
DRV000183,Hoàng Minh,CALL-ME,MA-1000183,MA-183-3111,Uber,4.52,ACTIVE,2016-02-06 00:00:00,2017-06-30 00:00:00
DRV000184,Lê Dũng,+1-857-184-9752,MA-1000184,MA-184-3128,Lyft,4.77,ACTIVE,2017-04-08 00:00:00,2018-07-14 00:00:00
DRV000185,Hồ Phương,+1-857-185-9805,MA-1000185,MA-185-3145,Uber,4.6,ACTIVE,2016-06-09 00:00:00,2016-06-19 00:00:00
DRV000186,Đặng Khánh,+1-857-186-9858,MA-1000186,MA-186-3162,Uber,4.78,OFFLINE,2017-03-04 00:00:00,2017-08-07 00:00:00
DRV000187,Lê Trang,+1-857-187-9911,MA-1000187,MA-187-3179,Uber,4.7,ACTIVE,2015-08-06 00:00:00,2016-06-23 00:00:00
DRV000188,Đặng Hải,+1-857-188-9964,MA-1000188,MA-188-3196,Lyft,4.67,ACTIVE,2016-07-09 00:00:00,2017-06-29 00:00:00
DRV000189,Bùi Tuấn,+1-857-189-0017,MA-1000189,MA-189-3213,Lyft,4.66,ACTIVE,2016-04-08 00:00:00,2017-06-29 00:00:00
DRV000190,Lê Chi,+1-857-190-0070,MA-1000190,MA-190-3230,Uber,4.68,ACTIVE,2016-01-04 00:00:00,2017-02-12 00:00:00
DRV000191,Nguyễn Dũng,+1-857-191-0123,MA-1000191,MA-191-3247,Lyft,4.42,ACTIVE,2016-03-09 00:00:00,2016-12-16 00:00:00
DRV000192,Nguyễn An,+1-857-192-0176,MA-1000192,MA-192-3264,Uber,4.83,ACTIVE,2015-12-07 00:00:00,2016-07-24 00:00:00
DRV000193,Đặng Khánh,+1-857-193-0229,MA-1000193,MA-193-3281,Lyft,4.79,ACTIVE,2018-03-06 00:00:00,2019-01-16 00:00:00
DRV000194,Bùi Hương,+1-857-194-0282,MA-1000194,MA-194-3298,Uber,5.0,ACTIVE,2017-10-05 00:00:00,2019-05-07 00:00:00
DRV000195,Vũ Bình,+1-857-195-0335,MA-1000195,MA-195-3315,Lyft,4.63,ACTIVE,2016-05-31 00:00:00,2017-12-02 00:00:00
DRV000196,Bùi Linh,+1-857-196-0388,MA-1000196,MA-196-3332,Lyft,4.78,ACTIVE,2017-08-06 00:00:00,2017-08-11 00:00:00
DRV000197,Phạm Tuấn,+1-857-197-0441,MA-1000197,MA-197-3349,Uber,4.65,ACTIVE,2015-10-03 00:00:00,2016-12-14 00:00:00
DRV000198,Đỗ Minh,+1-857-198-0494,MA-1000198,MA-198-3366,Uber,4.56,ACTIVE,2015-08-07 00:00:00,2016-08-30 00:00:00
DRV000199,Bùi Chi,+1-857-199-0547,MA-1000199,MA-199-3383,Uber,4.86,ACTIVE,2018-08-12 00:00:00,2019-05-05 00:00:00
DRV000200,Hoàng Hà,+1-857-200-0600,MA-1000200,MA-200-3400,Uber,4.57,ACTIVE,2018-04-14 00:00:00,2019-06-13 00:00:00
DRV000201,Vũ Giang,+1-857-201-0653,MA-1000201,MA-201-3417,Uber,5.0,ACTIVE,2015-12-07 00:00:00,2016-09-25 00:00:00
DRV000202,Vũ Bình,+1-857-202-0706,MA-1000202,MA-202-3434,Lyft,4.65,ACTIVE,2018-09-09 00:00:00,2019-01-03 00:00:00
DRV000203,Hoàng Trang,+1-857-203-0759,MA-1000203,MA-203-3451,Lyft,4.63,ACTIVE,2018-01-16 00:00:00,2018-04-16 00:00:00
DRV000204,Phạm Hương,+1-857-204-0812,MA-1000204,MA-204-3468,Lyft,4.75,ACTIVE,2016-09-07 00:00:00,2017-02-10 00:00:00
DRV000205,Trần Hương,+1-857-205-0865,MA-1000205,MA-205-3485,Lyft,4.73,ACTIVE,2015-04-13 00:00:00,2016-09-06 00:00:00
DRV000206,Vũ Linh,+1-857-206-0918,MA-1000206,MA-206-3502,Lyft,5.0,ACTIVE,2017-04-02 00:00:00,2018-09-30 00:00:00
DRV000207,Trần Lan,+1-857-207-0971,MA-1000207,MA-207-3519,Uber,4.45,ACTIVE,2015-08-31 00:00:00,2015-11-03 00:00:00
DRV000208,Hoàng Tuấn,+1-857-208-1024,MA-1000208,MA-208-3536,Lyft,4.78,ACTIVE,2015-04-14 00:00:00,2016-05-05 00:00:00
DRV000209,Trần Ngọc,857ABC9999,MA-1000209,MA-209-3553,Lyft,4.52,OFFLINE,2017-01-15 00:00:00,2017-08-06 00:00:00
DRV000210,Hoàng Hà,+1-857-210-1130,MA-1000210,MA-210-3570,Uber,4.47,ACTIVE,2018-08-29 00:00:00,2019-07-12 00:00:00
DRV000211,Bùi Ngọc,+1-857-211-1183,MA-1000211,MA-211-3587,Lyft,5.0,ACTIVE,2015-08-13 00:00:00,2017-03-03 00:00:00
DRV000212,Bùi Hà,+1-857-212-1236,MA-1000212,MA-212-3604,Lyft,4.76,ACTIVE,2017-11-26 00:00:00,2018-07-15 00:00:00
DRV000213,Phạm Khánh,+1-857-213-1289,MA-1000213,MA-213-3621,Lyft,4.94,ACTIVE,2015-10-06 00:00:00,2016-11-16 00:00:00
DRV000214,Phạm Hải,+1-857-214-1342,MA-1000214,MA-214-3638,Lyft,5.0,ACTIVE,2016-03-24 00:00:00,2016-10-14 00:00:00
DRV000215,Vũ Hương,+1-857-215-1395,MA-1000215,MA-215-3655,Uber,4.54,ACTIVE,2016-03-16 00:00:00,2017-06-16 00:00:00
DRV000216,Hoàng Hải,+1-857-216-1448,MA-1000216,MA-216-3672,Uber,4.68,ACTIVE,2015-06-21 00:00:00,2016-12-21 00:00:00
DRV000217,Bùi Bình,+1-857-217-1501,MA-1000217,MA-217-3689,Lyft,4.95,ACTIVE,2015-05-07 00:00:00,2016-12-04 00:00:00
DRV000218,Nguyễn Khánh,+1-857-218-1554,MA-1000218,MA-218-3706,Lyft,4.58,ACTIVE,2017-10-12 00:00:00,2018-09-26 00:00:00
DRV000219,Nguyễn Trang,+1-857-219-1607,MA-1000219,MA-219-3723,Uber,4.79,ACTIVE,2016-11-05 00:00:00,2017-10-14 00:00:00
DRV000220,Vũ Nam,+1-857-220-1660,MA-1000220,MA-220-3740,Lyft,4.67,ACTIVE,2015-07-11 00:00:00,2015-09-09 00:00:00
DRV000221,Đỗ Ngọc,+1-857-221-1713,MA-1000221,MA-221-3757,Lyft,4.25,ACTIVE,2018-07-08 00:00:00,2019-08-02 00:00:00
DRV000222,Lê Minh,+1-857-222-1766,MA-1000222,MA-222-3774,Uber,5.0,ACTIVE,2017-08-27 00:00:00,2018-07-15 00:00:00
DRV000223,Hồ Nam,+1-857-223-1819,MA-1000223,MA-223-3791,Uber,4.74,ACTIVE,2017-04-19 00:00:00,2017-11-09 00:00:00
DRV000224,Phạm Minh,+1-857-224-1872,MA-1000224,MA-224-3808,Uber,4.7,ACTIVE,2018-08-02 00:00:00,2019-03-23 00:00:00
DRV000225,Nguyễn Hà,+1-857-225-1925,MA-1000225,MA-225-3825,Lyft,4.86,ACTIVE,2018-06-11 00:00:00,2019-11-29 00:00:00
DRV000226,Lê Nam,+1-857-226-1978,MA-1000226,MA-226-3842,Lyft,4.81,ACTIVE,2017-09-24 00:00:00,2017-10-07 00:00:00
DRV000227,Vũ Hải,+1-857-227-2031,MA-1000227,MA-227-3859,Uber,4.73,ACTIVE,2017-07-02 00:00:00,2017-12-13 00:00:00
DRV000228,Đỗ Chi,+1-857-228-2084,MA-1000228,MA-228-3876,Uber,4.96,ACTIVE,2016-02-13 00:00:00,2017-01-13 00:00:00
DRV000229,Nguyễn Linh,+1-857-229-2137,MA-1000229,MA-229-3893,Uber,5.0,ACTIVE,2016-09-21 00:00:00,2018-02-15 00:00:00
DRV000230,Hoàng Khánh,+1-857-230-2190,MA-1000230,MA-230-3910,Lyft,4.65,ACTIVE,2015-03-05 00:00:00,2015-10-25 00:00:00
DRV000231,Lê Trang,+1-857-231-2243,MA-1000231,MA-231-3927,Lyft,4.52,ACTIVE,2016-08-10 00:00:00,2017-07-21 00:00:00
DRV000232,Vũ Khánh,+1-857-232-2296,MA-1000232,MA-232-3944,Lyft,4.84,ACTIVE,2016-04-28 00:00:00,2017-11-30 00:00:00
DRV000233,Nguyễn Giang,+1-857-233-2349,MA-1000233,MA-233-3961,Uber,4.45,SUSPENDED,2017-06-12 00:00:00,2018-11-04 00:00:00
DRV000234,Lê Khánh,+1-857-234-2402,MA-1000234,MA-234-3978,Lyft,4.77,ACTIVE,2018-04-20 00:00:00,2019-01-03 00:00:00
DRV000235,Vũ Quân,+1-857-235-2455,MA-1000235,MA-235-3995,Lyft,4.69,ACTIVE,2016-12-08 00:00:00,2018-06-17 00:00:00
DRV000236,Lê Dũng,+1-857-236-2508,MA-1000236,MA-236-4012,Uber,4.64,ACTIVE,2016-02-10 00:00:00,2016-12-28 00:00:00
DRV000237,Bùi Dũng,+1-857-237-2561,MA-1000237,MA-237-4029,Uber,4.7,ACTIVE,2017-09-06 00:00:00,2019-03-03 00:00:00
DRV000238,Nguyễn Tuấn,+1-857-238-2614,MA-1000238,MA-238-4046,Lyft,4.49,ACTIVE,2018-01-09 00:00:00,2019-08-02 00:00:00
DRV000239,Phạm An,+1-857-239-2667,MA-1000239,MA-239-4063,Lyft,4.38,ACTIVE,2017-08-08 00:00:00,2017-08-21 00:00:00
DRV000240,Đặng Minh,+1-857-240-2720,MA-1000240,MA-240-4080,Uber,4.83,ACTIVE,2016-08-24 00:00:00,2017-06-23 00:00:00
DRV000241,Hồ Trang,+1-857-241-2773,MA-1000241,MA-241-4097,Uber,4.6,ACTIVE,2018-04-03 00:00:00,2019-07-01 00:00:00
DRV000242,Đặng Linh,+1-857-242-2826,MA-1000242,MA-242-4114,Lyft,4.82,ACTIVE,2016-03-04 00:00:00,2016-11-15 00:00:00
DRV000243,Đỗ Minh,+1-857-243-2879,MA-1000243,MA-243-4131,Lyft,4.96,ACTIVE,2017-03-09 00:00:00,2018-01-24 00:00:00
DRV000244,Hoàng Hải,+1-857-244-2932,MA-1000244,MA-244-4148,Lyft,5.0,ACTIVE,2018-05-18 00:00:00,2019-07-29 00:00:00
DRV000245,Bùi Hương,+1-857-245-2985,MA-1000245,MA-245-4165,Lyft,5.0,ACTIVE,2015-08-06 00:00:00,2015-10-20 00:00:00
DRV000246,Hồ Hải,+1-857-246-3038,MA-1000246,MA-246-4182,Lyft,4.7,ACTIVE,2017-07-21 00:00:00,2017-10-28 00:00:00
DRV000247,Lê Hà,+1-857-247-3091,MA-1000247,MA-247-4199,Lyft,4.68,ACTIVE,2016-03-11 00:00:00,2016-04-09 00:00:00
DRV000248,Vũ Hương,+1-857-248-3144,MA-1000248,MA-248-4216,Uber,4.71,ACTIVE,2018-03-28 00:00:00,2019-02-09 00:00:00
DRV000249,Vũ Khánh,+1-857-249-3197,MA-1000249,MA-249-4233,Uber,4.45,ACTIVE,2017-07-28 00:00:00,2019-01-01 00:00:00
DRV000250,Bùi Phương,+1-857-250-3250,MA-1000250,MA-250-4250,Lyft,4.65,ACTIVE,2015-08-23 00:00:00,2017-03-24 00:00:00
DRV000251,Bùi Chi,+1-857-251-3303,MA-1000251,MA-251-4267,Uber,4.73,ACTIVE,2017-03-19 00:00:00,2018-04-12 00:00:00
DRV000252,Đặng Giang,+1-857-252-3356,MA-1000252,MA-252-4284,Lyft,4.82,ACTIVE,2017-05-31 00:00:00,2018-12-13 00:00:00
DRV000253,Vũ Khánh,+1-857-253-3409,MA-1000253,MA-253-4301,Uber,4.63,ACTIVE,2017-09-10 00:00:00,2019-04-30 00:00:00
DRV000254,Hồ Dũng,+1-857-254-3462,MA-1000254,MA-254-4318,Lyft,4.45,OFFLINE,2017-05-11 00:00:00,2017-08-12 00:00:00
DRV000255,Đỗ Lan,+1-857-255-3515,MA-1000255,MA-255-4335,Lyft,4.62,ACTIVE,2015-10-07 00:00:00,2016-03-15 00:00:00
DRV000256,Bùi Tuấn,+1-857-256-3568,MA-1000256,MA-256-4352,Lyft,4.67,ACTIVE,2015-06-20 00:00:00,2016-08-07 00:00:00
DRV000257,Phạm Dũng,+1-857-257-3621,MA-1000257,MA-257-4369,Uber,4.43,ACTIVE,2017-09-23 00:00:00,2018-07-01 00:00:00
DRV000258,Hoàng Hà,+1-857-258-3674,MA-1000258,MA-258-4386,Lyft,4.76,ACTIVE,2015-11-28 00:00:00,2016-05-11 00:00:00
DRV000259,Vũ Nam,+1-857-259-3727,MA-1000259,MA-259-4403,Uber,4.6,ACTIVE,2017-06-15 00:00:00,2018-03-18 00:00:00
DRV000260,Đỗ Hà,+1-857-260-3780,MA-1000260,MA-260-4420,Uber,4.86,ACTIVE,2016-06-17 00:00:00,2017-03-06 00:00:00
DRV000261,Hồ Quân,+1-857-261-3833,MA-1000261,MA-261-4437,Uber,4.66,ACTIVE,2018-02-03 00:00:00,2018-06-02 00:00:00
DRV000262,Đặng Chi,+1-857-262-3886,MA-1000262,MA-262-4454,Uber,4.54,ACTIVE,2015-03-07 00:00:00,2015-08-10 00:00:00
DRV000263,Trần An,+1-857-263-3939,MA-1000263,MA-263-4471,Uber,4.77,ACTIVE,2017-10-28 00:00:00,2018-07-19 00:00:00
DRV000264,Vũ Hương,+1-857-264-3992,MA-1000264,MA-264-4488,Uber,4.41,ACTIVE,2015-08-25 00:00:00,2016-03-04 00:00:00
DRV000265,Hoàng Phương,+1-857-265-4045,MA-1000265,MA-265-4505,Lyft,4.61,ACTIVE,2017-11-16 00:00:00,2018-01-03 00:00:00
DRV000266,Đặng Lan,+1-857-266-4098,MA-1000266,MA-266-4522,Lyft,4.79,ACTIVE,2015-08-14 00:00:00,2016-08-05 00:00:00
DRV000267,Đặng Hương,+1-857-267-4151,MA-1000267,MA-267-4539,Lyft,4.55,OFFLINE,2018-02-12 00:00:00,2019-01-26 00:00:00
DRV000268,Vũ Lan,+1-857-268-4204,MA-1000268,MA-268-4556,Uber,4.97,OFFLINE,2018-03-12 00:00:00,2019-10-15 00:00:00
DRV000269,Bùi Phương,CALL-ME,MA-1000269,MA-269-4573,Uber,4.49,ACTIVE,2016-12-15 00:00:00,2017-05-28 00:00:00
DRV000270,Đỗ Quân,+1-857-270-4310,MA-1000270,MA-270-4590,Uber,4.8,ACTIVE,2015-06-09 00:00:00,2016-06-25 00:00:00
DRV000271,Bùi Dũng,+1-857-271-4363,MA-1000271,MA-271-4607,Lyft,4.97,ACTIVE,2016-09-30 00:00:00,2017-05-16 00:00:00
DRV000272,Trần Hải,+1-857-272-4416,MA-1000272,MA-272-4624,Uber,4.83,ACTIVE,2017-02-02 00:00:00,2017-02-14 00:00:00
DRV000273,Nguyễn Quân,+1-857-273-4469,MA-1000273,MA-273-4641,Lyft,4.77,ACTIVE,2016-07-22 00:00:00,2017-09-24 00:00:00
DRV000274,Đặng Phương,+1-857-274-4522,MA-1000274,MA-274-4658,Uber,4.59,ACTIVE,2017-09-21 00:00:00,2018-09-24 00:00:00
DRV000275,Hoàng Tuấn,+1-857-275-4575,MA-1000275,MA-275-4675,Lyft,4.45,ACTIVE,2018-08-18 00:00:00,2018-10-14 00:00:00
,Đỗ Phương,+1-857-276-4628,MA-1000276,MA-276-4692,Uber,4.57,ACTIVE,2017-10-05 00:00:00,2018-06-10 00:00:00
DRV000277,Lê Lan,+1-857-277-4681,MA-1000277,MA-277-4709,Lyft,4.64,ACTIVE,2015-10-21 00:00:00,2016-03-11 00:00:00
DRV000278,Đỗ Dũng,+1-857-278-4734,MA-1000278,MA-278-4726,Lyft,4.75,ACTIVE,2017-05-17 00:00:00,2018-02-01 00:00:00
DRV000279,Lê Quân,+1-857-279-4787,MA-1000279,MA-279-4743,Uber,4.32,ACTIVE,2015-10-21 00:00:00,2015-11-21 00:00:00
DRV000280,Phạm Hải,+1-857-280-4840,MA-1000280,MA-280-4760,Lyft,4.64,ACTIVE,2017-11-14 00:00:00,2018-07-13 00:00:00
DRV000281,Đặng Khánh,+1-857-281-4893,MA-1000281,MA-281-4777,Uber,4.76,ACTIVE,2016-09-19 00:00:00,2017-05-11 00:00:00
DRV000282,Phạm Minh,+1-857-282-4946,MA-1000282,MA-282-4794,Uber,5.0,ACTIVE,2018-07-28 00:00:00,2019-09-20 00:00:00
DRV000283,Trần Phương,+1-857-283-4999,MA-1000283,MA-283-4811,Uber,4.97,SUSPENDED,2017-08-28 00:00:00,2018-04-22 00:00:00
DRV000284,Vũ Hà,+1-857-284-5052,MA-1000284,MA-284-4828,Lyft,4.7,ACTIVE,2016-02-07 00:00:00,2016-11-08 00:00:00
DRV000285,Đặng Tuấn,+1-857-285-5105,MA-1000285,MA-285-4845,Lyft,4.52,ACTIVE,2016-09-05 00:00:00,2018-04-17 00:00:00
DRV000286,Nguyễn Tuấn,+1-857-286-5158,MA-1000286,MA-286-4862,Uber,4.83,ACTIVE,2016-06-14 00:00:00,2017-12-13 00:00:00
DRV000287,Trần Linh,+1-857-287-5211,MA-1000287,MA-287-4879,Lyft,4.91,ACTIVE,2017-05-25 00:00:00,2018-12-04 00:00:00
DRV000288,Vũ An,+1-857-288-5264,MA-1000288,MA-288-4896,Lyft,4.71,ACTIVE,2017-04-07 00:00:00,2018-05-20 00:00:00
DRV000289,Vũ Hải,+1-857-289-5317,MA-1000289,MA-289-4913,Uber,4.96,ACTIVE,2015-10-11 00:00:00,2017-02-28 00:00:00
DRV000290,Đỗ Tuấn,+1-857-290-5370,MA-1000290,MA-290-4930,Lyft,4.63,ACTIVE,2017-05-15 00:00:00,2018-12-16 00:00:00
DRV000291,Phạm Minh,+1-857-291-5423,MA-1000291,MA-291-4947,Uber,4.3,SUSPENDED,2016-08-29 00:00:00,2017-04-25 00:00:00
DRV000292,Bùi Giang,+1-857-292-5476,MA-1000292,MA-292-4964,Uber,4.79,ACTIVE,2018-08-14 00:00:00,2018-12-07 00:00:00
DRV000293,Nguyễn An,+1-857-293-5529,###LICENSE###,MA-293-4981,Uber,4.53,ACTIVE,2015-01-30 00:00:00,2015-06-17 00:00:00
DRV000294,Đỗ Giang,+1-857-294-5582,MA-1000294,MA-294-4998,Uber,5.0,ACTIVE,2015-10-19 00:00:00,2017-02-24 00:00:00
DRV000295,Đặng Khánh,+1-857-295-5635,MA-1000295,MA-295-5015,Lyft,4.67,ACTIVE,2018-05-02 00:00:00,2019-07-31 00:00:00
DRV000296,Phạm Lan,+1-857-296-5688,MA-1000296,MA-296-5032,Uber,4.7,ACTIVE,2018-06-24 00:00:00,2019-04-13 00:00:00
DRV000297,Hồ Minh,+1-857-297-5741,MA-1000297,MA-297-5049,Uber,4.8,ACTIVE,2016-10-31 00:00:00,2017-10-14 00:00:00
DRV000298,Nguyễn Quân,,MA-1000298,MA-298-5066,Uber,4.79,ACTIVE,2017-12-14 00:00:00,2018-08-03 00:00:00
DRV000299,Vũ An,+1-857-299-5847,MA-1000299,MA-299-5083,Uber,4.79,ACTIVE,2015-12-09 00:00:00,2016-11-02 00:00:00
DRV000300,Trần Hương,+1-857-300-5900,MA-1000300,MA-300-5100,Uber,4.28,ACTIVE,2018-07-10 00:00:00,2018-12-22 00:00:00
DRV000301,Nguyễn Giang,+1-857-301-5953,MA-1000301,MA-301-5117,Lyft,4.81,ACTIVE,2018-04-11 00:00:00,2018-05-08 00:00:00
DRV000302,Phạm Chi,+1-857-302-6006,MA-1000302,MA-302-5134,Uber,4.83,ACTIVE,2018-01-17 00:00:00,2018-02-18 00:00:00
DRV000303,Đặng Chi,+1-857-303-6059,MA-1000303,MA-303-5151,Lyft,4.64,ACTIVE,2017-03-29 00:00:00,2018-06-30 00:00:00
DRV000304,Hồ Bình,+1-857-304-6112,MA-1000304,MA-304-5168,Lyft,4.68,ACTIVE,2016-02-13 00:00:00,2016-07-29 00:00:00
DRV000305,Bùi Hà,+1-857-305-6165,MA-1000305,MA-305-5185,Lyft,4.57,ACTIVE,2018-05-03 00:00:00,2019-04-16 00:00:00
DRV000306,Bùi Lan,+1-857-306-6218,MA-1000306,MA-306-5202,Lyft,4.58,ACTIVE,2017-04-27 00:00:00,2017-06-03 00:00:00
DRV000307,Vũ Giang,+1-857-307-6271,MA-1000307,MA-307-5219,Lyft,4.62,ACTIVE,2016-01-25 00:00:00,2017-05-10 00:00:00
DRV000308,Trần Lan,+1-857-308-6324,MA-1000308,MA-308-5236,Uber,4.57,ACTIVE,2016-06-26 00:00:00,2017-02-03 00:00:00
DRV000309,Vũ Hà,+1-857-309-6377,MA-1000309,MA-309-5253,Lyft,4.59,ACTIVE,2018-07-26 00:00:00,2018-12-04 00:00:00
DRV000310,Vũ Minh,+1-857-310-6430,MA-1000310,MA-310-5270,Lyft,5.0,ACTIVE,2016-04-29 00:00:00,2017-03-11 00:00:00
DRV000311,Vũ Bình,+1-857-311-6483,MA-1000311,MA-311-5287,Lyft,4.87,ACTIVE,2015-11-23 00:00:00,2016-05-27 00:00:00
DRV000312,Lê Giang,+1-857-312-6536,MA-1000312,MA-312-5304,Uber,4.77,OFFLINE,2017-06-29 00:00:00,2018-05-15 00:00:00
DRV000313,Lê Hà,+1-857-313-6589,MA-1000313,MA-313-5321,Uber,4.65,ACTIVE,2016-04-08 00:00:00,2017-03-10 00:00:00
DRV000314,Hồ Phương,+1-857-314-6642,MA-1000314,MA-314-5338,Uber,4.73,ACTIVE,2017-05-01 00:00:00,2018-12-01 00:00:00
DRV000315,Hoàng Hà,+1-857-315-6695,MA-1000315,MA-315-5355,Lyft,4.75,ACTIVE,2016-05-04 00:00:00,2016-07-07 00:00:00
DRV000316,Hoàng Hương,+1-857-316-6748,MA-1000316,MA-316-5372,Uber,5.0,ACTIVE,2015-01-29 00:00:00,2016-06-17 00:00:00
DRV000317,Bùi Hải,+1-857-317-6801,MA-1000317,MA-317-5389,Lyft,4.73,ACTIVE,2017-11-18 00:00:00,2019-02-16 00:00:00
DRV000318,Nguyễn Lan,+1-857-318-6854,MA-1000318,MA-318-5406,Lyft,4.6,ACTIVE,2016-08-20 00:00:00,2016-09-29 00:00:00
DRV000319,Nguyễn Chi,+1-857-319-6907,MA-1000319,MA-319-5423,Uber,4.76,ACTIVE,2015-06-14 00:00:00,2016-11-24 00:00:00
DRV000320,Đỗ Quân,+1-857-320-6960,MA-1000320,MA-320-5440,Uber,4.86,ACTIVE,2017-10-07 00:00:00,2017-10-27 00:00:00
DRV000321,Đặng Phương,+1-857-321-7013,MA-1000321,MA-321-5457,Uber,4.63,ACTIVE,2016-08-30 00:00:00,2017-11-27 00:00:00
DRV000322,Trần Chi,+1-857-322-7066,MA-1000322,MA-322-5474,Lyft,4.88,ACTIVE,2016-05-13 00:00:00,2016-12-16 00:00:00
DRV000323,Đỗ Giang,+1-857-323-7119,MA-1000323,MA-323-5491,Lyft,4.95,ACTIVE,2015-06-22 00:00:00,2016-06-27 00:00:00
DRV000324,Đỗ Hà,+1-857-324-7172,MA-1000324,MA-324-5508,Uber,4.53,ACTIVE,2017-09-21 00:00:00,2018-01-28 00:00:00
DRV000325,Đặng Minh,+1-857-325-7225,MA-1000325,MA-325-5525,Uber,4.63,ACTIVE,2018-05-16 00:00:00,2019-11-24 00:00:00
DRV000326,Trần Bình,+1-857-326-7278,MA-1000326,MA-326-5542,Uber,4.72,ACTIVE,2015-10-17 00:00:00,2017-04-10 00:00:00
DRV000327,Bùi Hải,+1-857-327-7331,MA-1000327,MA-327-5559,Uber,4.52,ACTIVE,2017-12-22 00:00:00,2018-11-11 00:00:00
DRV000328,Trần Hương,+1-857-328-7384,MA-1000328,MA-328-5576,Lyft,4.7,ACTIVE,2018-06-22 00:00:00,2019-03-10 00:00:00
DRV000329,Phạm Trang,+1-857-329-7437,MA-1000329,MA-329-5593,Uber,4.51,OFFLINE,2017-07-05 00:00:00,2017-09-04 00:00:00
DRV000330,Đặng Tuấn,+1-857-330-7490,MA-1000330,MA-330-5610,Lyft,4.66,ACTIVE,2015-02-24 00:00:00,2015-07-29 00:00:00
DRV000331,Nguyễn Chi,+1-857-331-7543,MA-1000331,MA-331-5627,Lyft,4.67,ACTIVE,2015-04-20 00:00:00,2015-12-05 00:00:00
DRV000332,Nguyễn Hương,+1-857-332-7596,MA-1000332,MA-332-5644,Uber,4.52,ACTIVE,2016-05-27 00:00:00,2017-05-14 00:00:00
DRV000333,Phạm Tuấn,+1-857-333-7649,MA-1000333,MA-333-5661,Uber,4.8,ACTIVE,2016-09-11 00:00:00,2017-10-05 00:00:00
DRV000334,Hồ Hương,+1-857-334-7702,MA-1000334,MA-334-5678,Uber,4.63,ACTIVE,2017-04-03 00:00:00,2018-07-05 00:00:00
DRV000335,Vũ Bình,+1-857-335-7755,MA-1000335,MA-335-5695,Uber,4.76,OFFLINE,2015-01-28 00:00:00,2016-08-18 00:00:00
DRV000336,Hoàng Hà,+1-857-336-7808,MA-1000336,MA-336-5712,Lyft,4.52,ACTIVE,2018-06-21 00:00:00,2019-12-20 00:00:00
DRV000337,Trần Giang,+1-857-337-7861,MA-1000337,MA-337-5729,Uber,4.43,ACTIVE,2015-02-25 00:00:00,2015-09-27 00:00:00
DRV000338,Lê An,+1-857-338-7914,MA-1000338,MA-338-5746,Uber,4.85,ACTIVE,2016-07-28 00:00:00,2018-03-07 00:00:00
DRV000339,Vũ Bình,+1-857-339-7967,MA-1000339,MA-339-5763,Uber,4.82,ACTIVE,2018-03-10 00:00:00,2018-05-07 00:00:00
DRV000340,Trần Bình,+1-857-340-8020,MA-1000340,MA-340-5780,Uber,4.56,ACTIVE,2017-01-11 00:00:00,2017-05-03 00:00:00
DRV000341,Bùi Lan,+1-857-341-8073,MA-1000341,MA-341-5797,Uber,4.63,ACTIVE,2016-11-29 00:00:00,2017-07-27 00:00:00
DRV000342,Lê Linh,+1-857-342-8126,MA-1000342,MA-342-5814,Lyft,4.72,SUSPENDED,2018-04-27 00:00:00,2019-01-23 00:00:00
DRV000343,Đặng Minh,+1-857-343-8179,MA-1000343,MA-343-5831,Uber,4.85,ACTIVE,2018-03-03 00:00:00,2018-06-26 00:00:00
DRV000344,Đặng Bình,+1-857-344-8232,MA-1000344,MA-344-5848,Lyft,5.0,ACTIVE,2016-05-18 00:00:00,2017-08-24 00:00:00
DRV000345,Đặng Phương,+1-857-345-8285,MA-1000345,MA-345-5865,Lyft,4.74,ACTIVE,2018-07-05 00:00:00,2018-10-17 00:00:00
DRV000346,Vũ Hương,+1-857-346-8338,MA-1000346,MA-346-5882,Lyft,4.76,ACTIVE,2015-06-16 00:00:00,2015-11-25 00:00:00
DRV000347,Lê Hà,+1-857-347-8391,MA-1000347,MA-347-5899,Lyft,4.77,ACTIVE,2017-03-24 00:00:00,2017-05-10 00:00:00
DRV000348,Trần Dũng,+1-857-348-8444,MA-1000348,MA-348-5916,Lyft,4.67,ACTIVE,2018-01-26 00:00:00,2019-06-10 00:00:00
DRV000349,Hồ Chi,+1-857-349-8497,MA-1000349,MA-349-5933,Uber,4.77,OFFLINE,2018-07-05 00:00:00,2020-02-17 00:00:00
DRV000350,Hoàng Hải,+1-857-350-8550,MA-1000350,MA-350-5950,Uber,4.26,OFFLINE,2015-05-09 00:00:00,2015-08-19 00:00:00
DRV000351,Phạm Minh,+1-857-351-8603,MA-1000351,MA-351-5967,Uber,4.49,ACTIVE,2018-08-20 00:00:00,2019-01-07 00:00:00
DRV000352,Lê Trang,+1-857-352-8656,MA-1000352,MA-352-5984,Lyft,4.44,OFFLINE,2015-10-13 00:00:00,2016-02-27 00:00:00
DRV000353,Phạm Tuấn,+1-857-353-8709,MA-1000353,MA-353-6001,Lyft,5.0,ACTIVE,2016-07-26 00:00:00,2016-12-09 00:00:00
DRV000354,Lê Trang,+1-857-354-8762,MA-1000354,MA-354-6018,Uber,4.67,ACTIVE,2015-09-08 00:00:00,2016-05-22 00:00:00
DRV000355,Lê Tuấn,+1-857-355-8815,MA-1000355,MA-355-6035,Lyft,4.93,ACTIVE,2016-02-25 00:00:00,2016-09-27 00:00:00
DRV000356,Bùi Hà,+1-857-356-8868,MA-1000356,MA-356-6052,Uber,4.6,ACTIVE,2016-05-19 00:00:00,2016-06-11 00:00:00
DRV000357,Hồ Ngọc,+1-857-357-8921,MA-1000357,MA-357-6069,Lyft,4.46,ACTIVE,2017-12-31 00:00:00,2018-02-04 00:00:00
DRV000358,Trần Linh,+1-857-358-8974,MA-1000358,MA-358-6086,Uber,4.8,ACTIVE,2016-03-01 00:00:00,2016-06-19 00:00:00
DRV000359,Hồ Trang,+1-857-359-9027,MA-1000359,MA-359-6103,Uber,4.59,ACTIVE,2018-03-31 00:00:00,2018-11-03 00:00:00
DRV000360,Trần An,+1-857-360-9080,MA-1000360,MA-360-6120,Uber,4.73,ACTIVE,2016-09-12 00:00:00,2018-04-26 00:00:00
DRV000361,Lê Nam,+1-857-361-9133,MA-1000361,MA-361-6137,Lyft,4.54,ACTIVE,2015-09-15 00:00:00,2016-07-05 00:00:00
DRV000362,Bùi Minh,+1-857-362-9186,MA-1000362,MA-362-6154,Lyft,4.7,ACTIVE,2015-10-06 00:00:00,2015-12-20 00:00:00
DRV000363,Hoàng Giang,+1-857-363-9239,MA-1000363,MA-363-6171,Uber,4.73,OFFLINE,2018-02-01 00:00:00,2018-03-29 00:00:00
DRV000364,Bùi Hà,+1-857-364-9292,MA-1000364,MA-364-6188,Lyft,4.72,ACTIVE,2016-03-02 00:00:00,2016-07-22 00:00:00
DRV000365,Vũ Bình,+1-857-365-9345,MA-1000365,MA-365-6205,Lyft,4.65,ACTIVE,2017-03-12 00:00:00,2018-04-17 00:00:00
DRV000366,Đỗ Ngọc,+1-857-366-9398,MA-1000366,MA-366-6222,Lyft,5.0,ACTIVE,2016-04-29 00:00:00,2017-12-06 00:00:00
DRV000367,Hoàng Tuấn,+1-857-367-9451,MA-1000367,MA-367-6239,Uber,4.65,ACTIVE,2016-07-15 00:00:00,2017-09-07 00:00:00
DRV000368,Bùi Khánh,+1-857-368-9504,MA-1000368,MA-368-6256,Uber,4.75,ACTIVE,2016-07-09 00:00:00,2017-04-17 00:00:00
DRV000369,Đỗ Hà,+1-857-369-9557,MA-1000369,MA-369-6273,Uber,4.54,ACTIVE,2018-09-26 00:00:00,2018-11-14 00:00:00
DRV000370,Nguyễn Quân,+1-857-370-9610,MA-1000370,MA-370-6290,Uber,4.77,ACTIVE,2016-11-10 00:00:00,2017-05-19 00:00:00
DRV000371,Hồ Hà,+1-857-371-9663,MA-1000371,MA-371-6307,Lyft,4.77,OFFLINE,2017-08-11 00:00:00,2017-12-30 00:00:00
DRV000372,Đặng Quân,+1-857-372-9716,MA-1000372,MA-372-6324,Lyft,4.78,ACTIVE,2018-09-19 00:00:00,2019-01-24 00:00:00
DRV000373,Bùi Hương,+1-857-373-9769,MA-1000373,MA-373-6341,Uber,4.73,ACTIVE,2016-02-19 00:00:00,2017-01-14 00:00:00
DRV000374,Vũ Hương,+1-857-374-9822,MA-1000374,MA-374-6358,Uber,4.93,ACTIVE,2017-02-24 00:00:00,2017-03-18 00:00:00
DRV000375,Vũ Bình,+1-857-375-9875,MA-1000375,MA-375-6375,Lyft,4.86,ACTIVE,2015-10-15 00:00:00,2016-11-28 00:00:00
DRV000376,Phạm Chi,+1-857-376-9928,MA-1000376,MA-376-6392,Lyft,5.0,ACTIVE,2016-02-04 00:00:00,2017-04-02 00:00:00
DRV000377,Trần Giang,+1-857-377-9981,MA-1000377,MA-377-6409,Uber,4.46,OFFLINE,2015-04-29 00:00:00,2015-09-10 00:00:00
DRV000378,Phạm Chi,+1-857-378-0034,MA-1000378,MA-378-6426,Lyft,4.8,ACTIVE,2016-10-11 00:00:00,2017-02-14 00:00:00
DRV000379,Vũ Chi,+1-857-379-0087,MA-1000379,MA-379-6443,Uber,4.75,ACTIVE,2016-07-30 00:00:00,2017-11-20 00:00:00
DRV000380,Trần Phương,+1-857-380-0140,MA-1000380,MA-380-6460,Uber,4.54,OFFLINE,2018-05-30 00:00:00,2019-03-21 00:00:00
DRV000381,Đặng Nam,+1-857-381-0193,MA-1000381,MA-381-6477,Uber,4.91,ACTIVE,2017-07-10 00:00:00,2017-10-26 00:00:00
DRV000382,Lê Trang,+1-857-382-0246,MA-1000382,MA-382-6494,Uber,4.6,ACTIVE,2015-05-28 00:00:00,2015-11-14 00:00:00
DRV000383,Phạm Trang,+1-857-383-0299,MA-1000383,MA-383-6511,Uber,4.86,ACTIVE,2015-12-31 00:00:00,2017-07-29 00:00:00
DRV000384,Hoàng Quân,+1-857-384-0352,MA-1000384,MA-384-6528,Lyft,4.65,ACTIVE,2016-10-07 00:00:00,2018-05-21 00:00:00
DRV000385,Trần An,+1-857-385-0405,MA-1000385,MA-385-6545,Uber,4.59,OFFLINE,2017-08-31 00:00:00,2018-11-23 00:00:00
DRV000386,Lê Tuấn,+1-857-386-0458,MA-1000386,MA-386-6562,Uber,4.77,ACTIVE,2017-07-02 00:00:00,2017-09-23 00:00:00
DRV000387,Vũ Minh,+1-857-387-0511,MA-1000387,MA-387-6579,Lyft,4.98,OFFLINE,2017-09-12 00:00:00,2018-11-04 00:00:00
DRV000388,Đặng An,+1-857-388-0564,MA-1000388,MA-388-6596,Lyft,4.4,ACTIVE,2018-07-08 00:00:00,2018-11-28 00:00:00
DRV000389,Đỗ Tuấn,+1-857-389-0617,MA-1000389,MA-389-6613,Lyft,4.66,ACTIVE,2015-03-15 00:00:00,2016-01-03 00:00:00
DRV000390,Bùi Linh,+1-857-390-0670,MA-1000390,MA-390-6630,Lyft,4.92,ACTIVE,2018-07-02 00:00:00,2019-02-23 00:00:00
DRV000391,Đỗ Nam,+1-857-391-0723,MA-1000391,MA-391-6647,Lyft,4.57,OFFLINE,2015-03-06 00:00:00,2015-09-06 00:00:00
DRV000392,Vũ Giang,+1-857-392-0776,MA-1000392,MA-392-6664,Lyft,4.89,ACTIVE,2016-10-15 00:00:00,2018-01-10 00:00:00
DRV000393,Nguyễn Hương,+1-857-393-0829,MA-1000393,MA-393-6681,Lyft,4.5,ACTIVE,2016-03-24 00:00:00,2017-08-07 00:00:00
DRV000394,Hồ Hà,+1-857-394-0882,MA-1000394,MA-394-6698,Uber,4.24,OFFLINE,2015-07-28 00:00:00,2016-06-16 00:00:00
DRV000395,Trần Hương,+1-857-395-0935,MA-1000395,MA-395-6715,Lyft,4.57,ACTIVE,2018-08-16 00:00:00,2020-02-17 00:00:00
DRV000396,Đặng Hương,+1-857-396-0988,MA-1000396,MA-396-6732,Lyft,4.76,OFFLINE,2016-05-19 00:00:00,2017-06-14 00:00:00
DRV000397,Bùi Ngọc,+1-857-397-1041,MA-1000397,MA-397-6749,Uber,4.67,ACTIVE,2018-05-07 00:00:00,2019-06-28 00:00:00
DRV000398,Hoàng Quân,+1-857-398-1094,MA-1000398,MA-398-6766,Uber,4.67,ACTIVE,2016-08-05 00:00:00,2017-10-14 00:00:00
DRV000399,Đỗ Chi,+1-857-399-1147,MA-1000399,MA-399-6783,Uber,4.62,OFFLINE,2015-07-15 00:00:00,2016-04-15 00:00:00
DRV000400,Hoàng Tuấn,+1-857-400-1200,MA-1000400,MA-400-6800,Uber,5.0,ACTIVE,2015-12-12 00:00:00,2016-08-14 00:00:00
DRV000401,Hoàng Bình,+1-857-401-1253,MA-1000401,MA-401-6817,Lyft,4.94,ACTIVE,2018-02-14 00:00:00,2019-06-14 00:00:00
DRV000402,Vũ Khánh,+1-857-402-1306,MA-1000402,MA-402-6834,Uber,4.65,OFFLINE,2017-04-28 00:00:00,2018-10-18 00:00:00
DRV000403,Bùi Giang,+1-857-403-1359,MA-1000403,MA-403-6851,Uber,4.82,ACTIVE,2017-07-20 00:00:00,2018-12-31 00:00:00
DRV000404,Trần Hương,+1-857-404-1412,MA-1000404,MA-404-6868,Uber,4.74,ACTIVE,2016-09-14 00:00:00,2016-12-03 00:00:00
DRV000405,Trần Hải,+1-857-405-1465,MA-1000405,MA-405-6885,Uber,4.65,ACTIVE,2015-09-23 00:00:00,2016-06-02 00:00:00
DRV000406,Nguyễn Tuấn,+1-857-406-1518,MA-1000406,MA-406-6902,Uber,4.53,SUSPENDED,2016-03-31 00:00:00,2016-04-28 00:00:00
DRV000407,Hồ Phương,+1-857-407-1571,MA-1000407,MA-407-6919,Lyft,4.56,OFFLINE,2015-02-22 00:00:00,2015-11-25 00:00:00
DRV000408,Vũ Tuấn,+1-857-408-1624,MA-1000408,MA-408-6936,Lyft,4.58,ACTIVE,2017-09-12 00:00:00,2018-10-27 00:00:00
DRV000409,Nguyễn Giang,+1-857-409-1677,MA-1000409,MA-409-6953,Lyft,4.74,ACTIVE,2017-04-05 00:00:00,2017-09-19 00:00:00
DRV000410,Hoàng An,+1-857-410-1730,MA-1000410,MA-410-6970,Lyft,5.0,ACTIVE,2015-07-11 00:00:00,2016-06-11 00:00:00
DRV000411,Vũ An,+1-857-411-1783,MA-1000411,MA-411-6987,Uber,4.65,ACTIVE,2017-04-23 00:00:00,2018-04-12 00:00:00
DRV000412,Bùi Trang,+1-857-412-1836,MA-1000412,MA-412-7004,Uber,4.8,ACTIVE,2017-12-22 00:00:00,2019-03-03 00:00:00
DRV000413,Trần Lan,+1-857-413-1889,MA-1000413,MA-413-7021,Uber,4.49,ACTIVE,2018-02-25 00:00:00,2019-05-09 00:00:00
DRV000414,Hồ Lan,+1-857-414-1942,MA-1000414,MA-414-7038,Lyft,4.72,ACTIVE,2017-04-06 00:00:00,2017-05-26 00:00:00
DRV000415,Vũ Hương,+1-857-415-1995,MA-1000415,MA-415-7055,Uber,4.63,ACTIVE,2018-01-08 00:00:00,2019-01-03 00:00:00
DRV000416,Nguyễn Ngọc,+1-857-416-2048,MA-1000416,MA-416-7072,Uber,4.73,ACTIVE,2016-04-27 00:00:00,2017-12-15 00:00:00
DRV000417,Hồ Phương,+1-857-417-2101,MA-1000417,MA-417-7089,Lyft,4.76,ACTIVE,2017-08-05 00:00:00,2018-08-03 00:00:00
DRV000418,Đặng Tuấn,+1-857-418-2154,MA-1000418,MA-418-7106,Uber,4.83,ACTIVE,2017-12-03 00:00:00,2017-12-18 00:00:00
DRV000419,Đỗ Bình,+1-857-419-2207,MA-1000419,MA-419-7123,Lyft,4.57,ACTIVE,2017-07-24 00:00:00,2018-06-11 00:00:00
DRV000420,Đỗ Minh,+1-857-420-2260,MA-1000420,MA-420-7140,Lyft,4.53,ACTIVE,2017-07-27 00:00:00,2017-08-26 00:00:00
DRV000421,Bùi Tuấn,+1-857-421-2313,MA-1000421,MA-421-7157,Lyft,4.92,ACTIVE,2015-06-28 00:00:00,2015-08-12 00:00:00
DRV000422,Nguyễn An,+1-857-422-2366,MA-1000422,MA-422-7174,Lyft,4.48,ACTIVE,2017-06-24 00:00:00,2018-01-26 00:00:00
DRV000423,Trần Nam,+1-857-423-2419,MA-1000423,MA-423-7191,Lyft,4.66,ACTIVE,2017-10-13 00:00:00,2018-10-09 00:00:00
DRV000424,Đặng Tuấn,+1-857-424-2472,MA-1000424,MA-424-7208,Uber,4.23,ACTIVE,2017-04-04 00:00:00,2017-04-13 00:00:00
DRV000425,Nguyễn Giang,+1-857-425-2525,MA-1000425,MA-425-7225,Uber,4.91,ACTIVE,2015-12-29 00:00:00,2016-02-23 00:00:00
DRV000426,Phạm Chi,+1-857-426-2578,MA-1000426,MA-426-7242,Uber,4.91,OFFLINE,2018-09-14 00:00:00,2019-06-15 00:00:00
DRV000427,Trần Giang,+1-857-427-2631,MA-1000427,MA-427-7259,Uber,4.79,ACTIVE,2016-11-01 00:00:00,2016-12-23 00:00:00
DRV000428,Vũ Linh,+1-857-428-2684,MA-1000428,MA-428-7276,Lyft,4.58,ACTIVE,2016-05-05 00:00:00,2017-12-12 00:00:00
DRV000429,Lê Khánh,+1-857-429-2737,MA-1000429,MA-429-7293,Lyft,4.99,ACTIVE,2015-06-05 00:00:00,2015-09-15 00:00:00
DRV000430,Bùi Trang,+1-857-430-2790,MA-1000430,MA-430-7310,Uber,4.65,ACTIVE,2015-05-10 00:00:00,2015-11-12 00:00:00
DRV000431,Hồ Lan,+1-857-431-2843,MA-1000431,MA-431-7327,Lyft,4.85,ACTIVE,2016-03-09 00:00:00,2017-03-23 00:00:00
DRV000432,Bùi Linh,+1-857-432-2896,MA-1000432,MA-432-7344,Uber,4.89,ACTIVE,2016-05-11 00:00:00,2017-11-03 00:00:00
DRV000433,Đỗ Trang,+1-857-433-2949,MA-1000433,MA-433-7361,Lyft,4.68,OFFLINE,2018-08-20 00:00:00,2019-06-17 00:00:00
DRV000434,Vũ Hà,+1-857-434-3002,MA-1000434,MA-434-7378,Uber,5.0,ACTIVE,2017-04-01 00:00:00,2018-10-26 00:00:00
DRV000435,Đỗ Ngọc,+1-857-435-3055,MA-1000435,MA-435-7395,Lyft,4.66,ACTIVE,2017-06-16 00:00:00,2018-10-05 00:00:00
DRV000436,Hồ Hà,+1-857-436-3108,MA-1000436,MA-436-7412,Lyft,4.87,ACTIVE,2018-06-03 00:00:00,2019-11-04 00:00:00
DRV000437,Hồ Quân,+1-857-437-3161,MA-1000437,MA-437-7429,Uber,4.63,ACTIVE,2016-07-05 00:00:00,2017-12-19 00:00:00
DRV000438,Lê Quân,+1-857-438-3214,MA-1000438,MA-438-7446,Uber,4.83,ACTIVE,2017-08-17 00:00:00,2017-08-18 00:00:00
DRV000439,Hồ Khánh,+1-857-439-3267,MA-1000439,MA-439-7463,Lyft,4.55,ACTIVE,2016-03-12 00:00:00,2017-10-22 00:00:00
DRV000440,Vũ Hương,+1-857-440-3320,MA-1000440,MA-440-7480,Lyft,4.85,ACTIVE,2018-08-12 00:00:00,2019-01-02 00:00:00
DRV000441,Đặng Lan,+1-857-441-3373,MA-1000441,MA-441-7497,Lyft,4.82,ACTIVE,2017-07-01 00:00:00,2018-01-28 00:00:00
DRV000442,Nguyễn Hương,+1-857-442-3426,MA-1000442,MA-442-7514,Uber,4.85,ACTIVE,2017-04-11 00:00:00,2018-05-10 00:00:00
DRV000443,Lê Bình,+1-857-443-3479,MA-1000443,MA-443-7531,Uber,4.47,ACTIVE,2015-09-19 00:00:00,2016-03-16 00:00:00
DRV000444,Lê Hà,+1-857-444-3532,MA-1000444,MA-444-7548,Uber,4.63,ACTIVE,2015-10-22 00:00:00,2017-01-06 00:00:00
DRV000445,Phạm Hải,+1-857-445-3585,MA-1000445,MA-445-7565,Uber,4.96,ACTIVE,2015-06-14 00:00:00,2015-12-09 00:00:00
DRV000446,Bùi Phương,+1-857-446-3638,MA-1000446,MA-446-7582,Lyft,4.76,ACTIVE,2018-02-02 00:00:00,2018-04-03 00:00:00
DRV000447,Vũ Minh,+1-857-447-3691,MA-1000447,MA-447-7599,Lyft,4.73,OFFLINE,2015-11-01 00:00:00,2016-08-22 00:00:00
DRV000448,Hồ Ngọc,857ABC9999,MA-1000448,MA-448-7616,Uber,4.69,ACTIVE,2018-03-30 00:00:00,2019-07-21 00:00:00
DRV000449,Đỗ An,+1-857-449-3797,###LICENSE###,MA-449-7633,Uber,4.94,OFFLINE,2016-10-31 00:00:00,2017-01-30 00:00:00
DRV000450,Hồ Hà,+1-857-450-3850,MA-1000450,MA-450-7650,Lyft,4.59,ACTIVE,2017-05-02 00:00:00,2018-11-07 00:00:00
DRV000451,Vũ Ngọc,+1-857-451-3903,MA-1000451,MA-451-7667,Uber,4.58,ACTIVE,2017-08-14 00:00:00,2019-02-25 00:00:00
DRV000452,Lê Ngọc,+1-857-452-3956,MA-1000452,MA-452-7684,Uber,4.95,ACTIVE,2016-08-17 00:00:00,2018-03-01 00:00:00
DRV000453,Phạm Hải,+1-857-453-4009,MA-1000453,MA-453-7701,Uber,4.81,ACTIVE,2015-10-16 00:00:00,2017-03-29 00:00:00
DRV000454,Hồ Hương,+1-857-454-4062,MA-1000454,MA-454-7718,Uber,4.51,ACTIVE,2017-03-20 00:00:00,2018-05-01 00:00:00
DRV000455,Nguyễn Hải,+1-857-455-4115,MA-1000455,MA-455-7735,Lyft,4.56,ACTIVE,2016-05-03 00:00:00,2017-01-02 00:00:00
DRV000456,Đỗ Bình,+1-857-456-4168,MA-1000456,MA-456-7752,Lyft,4.72,OFFLINE,2016-06-24 00:00:00,2017-05-30 00:00:00
DRV000457,Vũ Dũng,+1-857-457-4221,MA-1000457,MA-457-7769,Uber,4.53,SUSPENDED,2016-11-25 00:00:00,2018-07-15 00:00:00
DRV000458,Nguyễn Khánh,+1-857-458-4274,MA-1000458,MA-458-7786,Uber,4.56,ACTIVE,2017-05-16 00:00:00,2018-01-04 00:00:00
DRV000459,Bùi Hương,+1-857-459-4327,MA-1000459,MA-459-7803,Uber,4.54,ACTIVE,2016-06-01 00:00:00,2016-11-01 00:00:00
DRV000460,Phạm Minh,+1-857-460-4380,MA-1000460,MA-460-7820,Uber,4.31,ACTIVE,2017-12-30 00:00:00,2018-07-01 00:00:00
DRV000461,Vũ Dũng,+1-857-461-4433,MA-1000461,MA-461-7837,Uber,4.8,ACTIVE,2016-09-01 00:00:00,2016-10-23 00:00:00
DRV000462,Hồ Quân,+1-857-462-4486,MA-1000462,MA-462-7854,Lyft,5.0,ACTIVE,2016-03-12 00:00:00,2017-01-26 00:00:00
DRV000463,Trần Chi,+1-857-463-4539,MA-1000463,MA-463-7871,Lyft,4.69,ACTIVE,2018-03-23 00:00:00,2019-03-12 00:00:00
DRV000464,Vũ Giang,+1-857-464-4592,MA-1000464,MA-464-7888,Lyft,5.0,ACTIVE,2018-05-31 00:00:00,2019-09-05 00:00:00
DRV000465,Đặng Giang,+1-857-465-4645,MA-1000465,MA-465-7905,Uber,4.56,ACTIVE,2017-12-12 00:00:00,2019-01-05 00:00:00
DRV000466,Nguyễn Hương,+1-857-466-4698,MA-1000466,MA-466-7922,Uber,4.95,ACTIVE,2016-09-14 00:00:00,2016-09-20 00:00:00
DRV000467,Nguyễn Dũng,+1-857-467-4751,MA-1000467,MA-467-7939,Lyft,4.62,OFFLINE,2018-01-15 00:00:00,2018-12-01 00:00:00
DRV000468,Trần Linh,+1-857-468-4804,MA-1000468,MA-468-7956,Uber,4.51,ACTIVE,2018-09-23 00:00:00,2019-03-10 00:00:00
DRV000469,Bùi An,+1-857-469-4857,MA-1000469,MA-469-7973,Lyft,4.7,ACTIVE,2017-10-12 00:00:00,2018-12-18 00:00:00
DRV000470,Lê Hải,+1-857-470-4910,MA-1000470,MA-470-7990,Uber,5.0,ACTIVE,2015-06-22 00:00:00,2016-07-07 00:00:00
DRV000471,Đặng Giang,+1-857-471-4963,MA-1000471,MA-471-8007,Uber,4.61,ACTIVE,2015-06-13 00:00:00,2015-10-10 00:00:00
DRV000472,Lê Phương,+1-857-472-5016,MA-1000472,MA-472-8024,Uber,4.49,ACTIVE,2017-02-04 00:00:00,2017-02-09 00:00:00
DRV000473,Đỗ Nam,+1-857-473-5069,MA-1000473,MA-473-8041,Uber,4.46,ACTIVE,2018-04-02 00:00:00,2018-08-25 00:00:00
DRV000474,Bùi Dũng,+1-857-474-5122,MA-1000474,MA-474-8058,Uber,5.0,ACTIVE,2017-05-19 00:00:00,2017-08-20 00:00:00
DRV000475,Đặng Dũng,+1-857-475-5175,MA-1000475,MA-475-8075,Uber,4.79,ACTIVE,2018-06-03 00:00:00,2018-12-28 00:00:00
DRV000476,Hoàng Ngọc,+1-857-476-5228,MA-1000476,MA-476-8092,Lyft,4.61,ACTIVE,2017-04-29 00:00:00,2018-06-30 00:00:00
DRV000477,Hoàng Lan,+1-857-477-5281,MA-1000477,MA-477-8109,Lyft,4.93,ACTIVE,2015-08-17 00:00:00,2015-09-30 00:00:00
DRV000478,Vũ Phương,+1-857-478-5334,MA-1000478,MA-478-8126,Lyft,4.85,ACTIVE,2015-05-19 00:00:00,2016-04-23 00:00:00
DRV000479,Hoàng Chi,+1-857-479-5387,MA-1000479,MA-479-8143,Uber,4.65,ACTIVE,2016-06-16 00:00:00,2016-12-02 00:00:00
DRV000480,Đỗ Nam,+1-857-480-5440,MA-1000480,MA-480-8160,Uber,4.46,ACTIVE,2016-03-15 00:00:00,2017-09-11 00:00:00
DRV000481,Đặng Dũng,+1-857-481-5493,MA-1000481,MA-481-8177,Uber,4.89,ACTIVE,2016-01-15 00:00:00,2016-12-19 00:00:00
DRV000482,Nguyễn Bình,+1-857-482-5546,MA-1000482,MA-482-8194,Lyft,4.9,ACTIVE,2016-06-30 00:00:00,2017-04-01 00:00:00
DRV000483,Phạm An,+1-857-483-5599,MA-1000483,MA-483-8211,Lyft,4.46,ACTIVE,2015-06-29 00:00:00,2016-04-13 00:00:00
DRV000484,Đỗ An,+1-857-484-5652,MA-1000484,MA-484-8228,Lyft,4.73,ACTIVE,2017-01-23 00:00:00,2017-06-19 00:00:00
DRV000485,Hồ Linh,+1-857-485-5705,MA-1000485,MA-485-8245,Uber,5.0,OFFLINE,2018-05-20 00:00:00,2018-05-21 00:00:00
DRV000486,Đỗ Giang,+1-857-486-5758,MA-1000486,MA-486-8262,Lyft,4.79,ACTIVE,2016-06-11 00:00:00,2016-07-13 00:00:00
DRV000487,Bùi Khánh,+1-857-487-5811,MA-1000487,MA-487-8279,Lyft,5.0,ACTIVE,2017-01-01 00:00:00,2017-06-27 00:00:00
DRV000488,Lê Trang,+1-857-488-5864,MA-1000488,MA-488-8296,Uber,4.77,ACTIVE,2015-06-02 00:00:00,2015-08-27 00:00:00
DRV000489,Trần Trang,+1-857-489-5917,MA-1000489,MA-489-8313,Uber,4.94,ACTIVE,2017-11-17 00:00:00,2018-06-18 00:00:00
DRV000490,Đặng Minh,+1-857-490-5970,###LICENSE###,MA-490-8330,Uber,4.66,ACTIVE,2015-12-23 00:00:00,2016-11-10 00:00:00
DRV000491,Hồ Chi,+1-857-491-6023,MA-1000491,MA-491-8347,Lyft,4.86,ACTIVE,2018-01-24 00:00:00,2018-03-09 00:00:00
DRV000492,Đỗ Minh,+1-857-492-6076,MA-1000492,MA-492-8364,Uber,4.5,ACTIVE,2018-08-10 00:00:00,2019-02-10 00:00:00
DRV000493,Nguyễn Minh,+1-857-493-6129,MA-1000493,MA-493-8381,Lyft,4.73,ACTIVE,2018-07-22 00:00:00,2019-07-22 00:00:00
DRV000494,Phạm Khánh,+1-857-494-6182,MA-1000494,MA-494-8398,Uber,4.89,ACTIVE,2015-05-25 00:00:00,2016-07-12 00:00:00
DRV000495,Đỗ Hương,+1-857-495-6235,MA-1000495,MA-495-8415,Lyft,5.0,ACTIVE,2018-08-19 00:00:00,2019-05-19 00:00:00
DRV000496,Phạm Linh,+1-857-496-6288,MA-1000496,MA-496-8432,Lyft,4.97,ACTIVE,2016-03-11 00:00:00,2017-06-01 00:00:00
DRV000497,Bùi Hải,+1-857-497-6341,MA-1000497,MA-497-8449,Uber,4.65,ACTIVE,2016-03-04 00:00:00,2016-11-21 00:00:00
DRV000498,Nguyễn Khánh,+1-857-498-6394,MA-1000498,MA-498-8466,Lyft,5.0,ACTIVE,2015-10-27 00:00:00,2017-05-01 00:00:00
DRV000499,Vũ Nam,+1-857-499-6447,MA-1000499,MA-499-8483,Uber,4.58,ACTIVE,2015-11-05 00:00:00,2017-01-25 00:00:00
DRV000500,Hoàng Chi,+1-857-500-6500,MA-1000500,MA-500-8500,Uber,4.74,OFFLINE,2018-06-09 00:00:00,2019-06-24 00:00:00
DRV000501,Hồ An,+1-857-501-6553,MA-1000501,MA-501-8517,Uber,4.77,OFFLINE,2018-05-12 00:00:00,2019-02-13 00:00:00
DRV000502,Hồ Giang,+1-857-502-6606,MA-1000502,MA-502-8534,Uber,4.81,ACTIVE,2016-08-17 00:00:00,2018-01-31 00:00:00
DRV000503,Bùi Dũng,+1-857-503-6659,MA-1000503,MA-503-8551,Uber,4.64,ACTIVE,2015-04-23 00:00:00,2016-06-20 00:00:00
DRV000504,Trần Tuấn,+1-857-504-6712,MA-1000504,MA-504-8568,Uber,4.84,ACTIVE,2017-08-05 00:00:00,2019-02-11 00:00:00
DRV000505,Đỗ Chi,+1-857-505-6765,MA-1000505,MA-505-8585,Lyft,4.7,ACTIVE,2018-02-04 00:00:00,2019-03-09 00:00:00
DRV000506,Đỗ Ngọc,+1-857-506-6818,MA-1000506,MA-506-8602,Uber,4.63,ACTIVE,2016-12-22 00:00:00,2017-03-17 00:00:00
DRV000507,Bùi An,+1-857-507-6871,MA-1000507,MA-507-8619,Lyft,4.69,ACTIVE,2016-11-23 00:00:00,2017-02-11 00:00:00
DRV000508,Hồ Hà,+1-857-508-6924,MA-1000508,MA-508-8636,Uber,4.82,ACTIVE,2016-09-04 00:00:00,2018-03-19 00:00:00
DRV000509,Lê Trang,+1-857-509-6977,MA-1000509,MA-509-8653,Lyft,4.66,ACTIVE,2018-03-17 00:00:00,2019-08-13 00:00:00
DRV000510,Hồ Hải,+1-857-510-7030,MA-1000510,MA-510-8670,Uber,4.48,ACTIVE,2018-06-20 00:00:00,2020-01-03 00:00:00
DRV000511,Đỗ An,+1-857-511-7083,MA-1000511,MA-511-8687,Lyft,4.8,ACTIVE,2016-12-16 00:00:00,2017-05-11 00:00:00
DRV000512,Đỗ Lan,+1-857-512-7136,MA-1000512,MA-512-8704,Uber,4.91,ACTIVE,2015-08-04 00:00:00,2016-01-16 00:00:00
DRV000513,Trần Hà,+1-857-513-7189,MA-1000513,MA-513-8721,Uber,4.94,ACTIVE,2015-05-26 00:00:00,2016-01-27 00:00:00
DRV000514,Lê Ngọc,+1-857-514-7242,MA-1000514,MA-514-8738,Uber,4.57,ACTIVE,2016-01-29 00:00:00,2017-05-03 00:00:00
DRV000515,Lê Tuấn,+1-857-515-7295,MA-1000515,MA-515-8755,Lyft,4.69,ACTIVE,2015-06-13 00:00:00,2016-05-23 00:00:00
DRV000516,Trần Nam,+1-857-516-7348,MA-1000516,MA-516-8772,Uber,4.76,ACTIVE,2015-12-11 00:00:00,2015-12-11 00:00:00
DRV000517,Đặng Linh,+1-857-517-7401,MA-1000517,MA-517-8789,Uber,5.0,ACTIVE,2018-07-20 00:00:00,2019-08-31 00:00:00
DRV000518,Hồ An,+1-857-518-7454,MA-1000518,MA-518-8806,Lyft,4.4,ACTIVE,2018-09-23 00:00:00,2020-03-20 00:00:00
DRV000519,Hồ Minh,+1-857-519-7507,MA-1000519,MA-519-8823,Lyft,4.54,ACTIVE,2016-05-16 00:00:00,2017-04-24 00:00:00
DRV000520,Nguyễn Phương,+1-857-520-7560,MA-1000520,MA-520-8840,Uber,4.96,ACTIVE,2017-12-02 00:00:00,2019-05-06 00:00:00
DRV000521,Đặng Quân,+1-857-521-7613,MA-1000521,MA-521-8857,Uber,4.7,ACTIVE,2015-12-16 00:00:00,2016-12-12 00:00:00
DRV000522,Đỗ Minh,+1-857-522-7666,MA-1000522,MA-522-8874,Uber,4.95,ACTIVE,2017-07-06 00:00:00,2018-06-27 00:00:00
DRV000523,Hồ Giang,+1-857-523-7719,MA-1000523,MA-523-8891,Uber,4.79,ACTIVE,2017-05-13 00:00:00,2017-12-19 00:00:00
DRV000524,Đỗ Lan,+1-857-524-7772,MA-1000524,MA-524-8908,Lyft,4.8,ACTIVE,2015-07-19 00:00:00,2016-01-23 00:00:00
DRV000525,Nguyễn Quân,+1-857-525-7825,MA-1000525,MA-525-8925,Uber,4.44,ACTIVE,2015-04-27 00:00:00,2016-03-10 00:00:00
DRV000526,Trần An,+1-857-526-7878,MA-1000526,MA-526-8942,Uber,4.59,ACTIVE,2017-12-22 00:00:00,2018-09-20 00:00:00
DRV000527,Đỗ Quân,+1-857-527-7931,MA-1000527,MA-527-8959,Lyft,4.92,ACTIVE,2015-10-25 00:00:00,2016-02-03 00:00:00
DRV000528,Đỗ Hải,+1-857-528-7984,MA-1000528,MA-528-8976,Uber,4.68,ACTIVE,2018-02-22 00:00:00,2019-05-17 00:00:00
DRV000529,Lê Bình,+1-857-529-8037,MA-1000529,MA-529-8993,Lyft,4.66,ACTIVE,2018-05-07 00:00:00,2019-08-04 00:00:00
DRV000530,Lê Minh,+1-857-530-8090,MA-1000530,MA-530-9010,Lyft,4.46,ACTIVE,2017-07-31 00:00:00,2018-02-25 00:00:00
DRV000531,Nguyễn Hải,+1-857-531-8143,MA-1000531,MA-531-9027,Lyft,4.49,ACTIVE,2015-09-06 00:00:00,2016-09-21 00:00:00
DRV000532,Đỗ Giang,+1-857-532-8196,MA-1000532,MA-532-9044,Uber,4.65,ACTIVE,2015-04-08 00:00:00,2016-09-26 00:00:00
DRV000533,Đỗ Chi,+1-857-533-8249,MA-1000533,MA-533-9061,Uber,4.78,OFFLINE,2015-10-17 00:00:00,2016-09-05 00:00:00
DRV000534,Trần Linh,+1-857-534-8302,MA-1000534,MA-534-9078,Uber,4.53,ACTIVE,2015-06-01 00:00:00,2016-05-26 00:00:00
DRV000535,Trần Hải,+1-857-535-8355,MA-1000535,MA-535-9095,Uber,4.74,ACTIVE,2017-07-09 00:00:00,2018-10-15 00:00:00
DRV000536,Hồ Hà,+1-857-536-8408,MA-1000536,MA-536-9112,Lyft,4.75,ACTIVE,2016-06-06 00:00:00,2017-12-24 00:00:00
DRV000537,Hoàng Minh,+1-857-537-8461,MA-1000537,MA-537-9129,Uber,4.87,ACTIVE,2016-11-01 00:00:00,2016-12-18 00:00:00
DRV000538,Hoàng Quân,+1-857-538-8514,MA-1000538,MA-538-9146,Lyft,4.63,ACTIVE,2015-09-14 00:00:00,2016-12-13 00:00:00
DRV000539,Đặng Quân,+1-857-539-8567,MA-1000539,MA-539-9163,Uber,4.68,ACTIVE,2017-04-18 00:00:00,2018-09-25 00:00:00
DRV000540,Hoàng Chi,+1-857-540-8620,MA-1000540,MA-540-9180,Uber,4.85,OFFLINE,2018-03-05 00:00:00,2018-09-16 00:00:00
DRV000541,Đỗ Khánh,+1-857-541-8673,MA-1000541,MA-541-9197,Uber,4.86,ACTIVE,2018-09-04 00:00:00,2019-03-17 00:00:00
DRV000542,Nguyễn Chi,+1-857-542-8726,MA-1000542,MA-542-9214,Uber,5.0,OFFLINE,2018-08-29 00:00:00,2019-12-14 00:00:00
DRV000543,Nguyễn Nam,+1-857-543-8779,MA-1000543,MA-543-9231,Lyft,4.99,ACTIVE,2015-08-01 00:00:00,2017-02-28 00:00:00
DRV000544,Đặng Hương,+1-857-544-8832,MA-1000544,MA-544-9248,Uber,4.66,ACTIVE,2017-06-08 00:00:00,2019-01-17 00:00:00
DRV000545,Lê Tuấn,+1-857-545-8885,MA-1000545,MA-545-9265,Lyft,4.86,ACTIVE,2016-05-13 00:00:00,2016-09-29 00:00:00
DRV000546,Trần Nam,+1-857-546-8938,MA-1000546,MA-546-9282,Uber,4.71,ACTIVE,2015-04-27 00:00:00,2015-08-01 00:00:00
DRV000547,Hồ Khánh,+1-857-547-8991,MA-1000547,MA-547-9299,Lyft,4.46,ACTIVE,2016-12-16 00:00:00,2017-09-11 00:00:00
DRV000548,Lê Nam,+1-857-548-9044,MA-1000548,MA-548-9316,Lyft,4.64,OFFLINE,2017-04-29 00:00:00,2017-05-02 00:00:00
DRV000549,Hoàng Dũng,+1-857-549-9097,MA-1000549,MA-549-9333,Lyft,4.8,ACTIVE,2018-05-21 00:00:00,2019-01-12 00:00:00
DRV000550,Lê Minh,+1-857-550-9150,MA-1000550,MA-550-9350,Lyft,4.64,ACTIVE,2015-03-13 00:00:00,2016-01-01 00:00:00
DRV000551,Hồ Giang,+1-857-551-9203,MA-1000551,MA-551-9367,Lyft,4.81,ACTIVE,2018-05-10 00:00:00,2019-05-13 00:00:00
DRV000552,Trần Dũng,+1-857-552-9256,MA-1000552,MA-552-9384,Uber,4.83,ACTIVE,2017-10-01 00:00:00,2018-01-08 00:00:00
DRV000553,Trần Quân,+1-857-553-9309,MA-1000553,MA-553-9401,Lyft,4.51,ACTIVE,2017-04-12 00:00:00,2018-08-05 00:00:00
DRV000554,Hồ An,+1-857-554-9362,MA-1000554,MA-554-9418,Lyft,4.59,ACTIVE,2018-07-08 00:00:00,2019-08-22 00:00:00
DRV000555,Trần Hà,+1-857-555-9415,MA-1000555,MA-555-9435,Uber,4.77,ACTIVE,2015-10-03 00:00:00,2016-10-06 00:00:00
DRV000556,Trần Hương,+1-857-556-9468,MA-1000556,MA-556-9452,Uber,4.67,ACTIVE,2016-03-16 00:00:00,2017-10-05 00:00:00
DRV000557,Hoàng Khánh,+1-857-557-9521,MA-1000557,MA-557-9469,Uber,4.86,ACTIVE,2015-11-11 00:00:00,2017-06-05 00:00:00
DRV000558,Hoàng Bình,+1-857-558-9574,MA-1000558,MA-558-9486,Uber,4.64,ACTIVE,2017-08-07 00:00:00,2018-09-15 00:00:00
DRV000559,Nguyễn Phương,+1-857-559-9627,MA-1000559,MA-559-9503,Lyft,4.42,ACTIVE,2017-01-18 00:00:00,2017-07-11 00:00:00
DRV000560,Đỗ Dũng,+1-857-560-9680,MA-1000560,MA-560-9520,Uber,4.7,ACTIVE,2016-12-25 00:00:00,2017-01-30 00:00:00
DRV000561,Nguyễn Ngọc,+1-857-561-9733,MA-1000561,MA-561-9537,Uber,4.65,ACTIVE,2016-03-21 00:00:00,2017-09-23 00:00:00
DRV000562,Đặng Hải,+1-857-562-9786,MA-1000562,MA-562-9554,Uber,4.68,ACTIVE,2017-06-23 00:00:00,2018-07-01 00:00:00
DRV000563,Lê Lan,+1-857-563-9839,MA-1000563,MA-563-9571,Uber,4.75,OFFLINE,2016-04-03 00:00:00,2017-09-03 00:00:00
DRV000564,Lê Hương,+1-857-564-9892,INVALID,MA-564-9588,Lyft,4.64,ACTIVE,2017-05-12 00:00:00,2017-12-22 00:00:00
DRV000565,Phạm Hương,+1-857-565-9945,MA-1000565,MA-565-9605,Lyft,4.8,OFFLINE,2018-06-04 00:00:00,2018-06-13 00:00:00
DRV000566,Vũ Khánh,+1-857-566-9998,MA-1000566,MA-566-9622,Lyft,5.0,ACTIVE,2015-05-17 00:00:00,2016-06-12 00:00:00
DRV000567,Đặng Hải,+1-857-567-0051,MA-1000567,MA-567-9639,Uber,4.56,OFFLINE,2017-05-02 00:00:00,2018-06-20 00:00:00
DRV000568,Vũ Phương,+1-857-568-0104,MA-1000568,MA-568-9656,Uber,4.83,ACTIVE,2015-05-14 00:00:00,2015-08-19 00:00:00
DRV000569,Đỗ Hương,+1-857-569-0157,MA-1000569,MA-569-9673,Uber,4.57,ACTIVE,2016-06-16 00:00:00,2016-09-17 00:00:00
DRV000570,Đặng Chi,+1-857-570-0210,MA-1000570,MA-570-9690,Lyft,4.78,ACTIVE,2016-02-25 00:00:00,2016-04-26 00:00:00
DRV000571,Bùi An,+1-857-571-0263,MA-1000571,MA-571-9707,Lyft,4.94,ACTIVE,2017-02-11 00:00:00,2017-07-05 00:00:00
DRV000572,Hoàng Khánh,+1-857-572-0316,MA-1000572,MA-572-9724,Uber,4.88,ACTIVE,2018-03-22 00:00:00,2018-10-28 00:00:00
DRV000573,Đỗ Hải,+1-857-573-0369,MA-1000573,MA-573-9741,Uber,5.0,ACTIVE,2017-12-23 00:00:00,2018-11-15 00:00:00
DRV000574,Hồ Quân,+1-857-574-0422,MA-1000574,MA-574-9758,Uber,4.59,OFFLINE,2016-06-09 00:00:00,2017-04-07 00:00:00
DRV000575,Phạm Tuấn,+1-857-575-0475,MA-1000575,MA-575-9775,Lyft,4.72,ACTIVE,2016-12-02 00:00:00,2017-05-24 00:00:00
DRV000576,Phạm Hà,+1-857-576-0528,MA-1000576,MA-576-9792,Uber,4.67,ACTIVE,2017-04-04 00:00:00,2017-04-08 00:00:00
DRV000577,Hồ Linh,+1-857-577-0581,MA-1000577,MA-577-9809,Lyft,4.56,ACTIVE,2017-06-01 00:00:00,2018-01-18 00:00:00
DRV000578,Đỗ Giang,+1-857-578-0634,MA-1000578,MA-578-9826,Uber,4.62,ACTIVE,2015-03-14 00:00:00,2015-11-03 00:00:00
DRV000579,Đỗ Hà,+1-857-579-0687,MA-1000579,MA-579-9843,Uber,4.77,ACTIVE,2015-10-27 00:00:00,2016-01-24 00:00:00
DRV000580,Bùi Tuấn,+1-857-580-0740,MA-1000580,MA-580-9860,Lyft,4.64,ACTIVE,2018-06-27 00:00:00,2019-09-16 00:00:00
DRV000581,Đỗ Phương,+1-857-581-0793,MA-1000581,MA-581-9877,Uber,4.66,ACTIVE,2015-04-16 00:00:00,2015-06-18 00:00:00
DRV000582,Nguyễn Minh,+1-857-582-0846,MA-1000582,MA-582-9894,Lyft,4.7,ACTIVE,2018-06-11 00:00:00,2019-07-22 00:00:00
DRV000583,Đỗ Khánh,+1-857-583-0899,MA-1000583,MA-583-9911,Uber,5.0,ACTIVE,2017-09-19 00:00:00,2018-02-08 00:00:00
DRV000584,Trần Linh,+1-857-584-0952,MA-1000584,MA-584-9928,Uber,4.88,ACTIVE,2018-07-30 00:00:00,2018-08-18 00:00:00
DRV000585,Đặng Dũng,+1-857-585-1005,MA-1000585,MA-585-9945,Lyft,4.76,ACTIVE,2017-10-25 00:00:00,2017-12-21 00:00:00
DRV000586,Đỗ Giang,+1-857-586-1058,MA-1000586,MA-586-9962,Uber,4.62,ACTIVE,2017-12-23 00:00:00,2019-04-01 00:00:00
DRV000587,Lê Minh,+1-857-587-1111,MA-1000587,MA-587-9979,Lyft,4.63,ACTIVE,2016-11-06 00:00:00,2017-03-15 00:00:00
DRV000588,Vũ Quân,+1-857-588-1164,MA-1000588,MA-588-9996,Lyft,5.0,ACTIVE,2017-12-15 00:00:00,2018-05-12 00:00:00
DRV000589,Phạm Minh,+1-857-589-1217,MA-1000589,MA-589-0014,Uber,4.99,ACTIVE,2018-09-26 00:00:00,2018-10-15 00:00:00
DRV000590,Phạm Khánh,+1-857-590-1270,MA-1000590,MA-590-0031,Lyft,4.9,OFFLINE,2018-02-18 00:00:00,2019-03-29 00:00:00
DRV000591,Vũ Hải,+1-857-591-1323,MA-1000591,MA-591-0048,Lyft,5.0,ACTIVE,2015-02-17 00:00:00,2015-07-02 00:00:00
DRV000592,Vũ Hà,+1-857-592-1376,MA-1000592,MA-592-0065,Lyft,4.72,ACTIVE,2017-04-01 00:00:00,2018-10-01 00:00:00
DRV000593,Vũ Trang,+1-857-593-1429,MA-1000593,MA-593-0082,Uber,4.55,ACTIVE,2018-01-04 00:00:00,2019-08-04 00:00:00
DRV000594,Phạm Lan,+1-857-594-1482,MA-1000594,MA-594-0099,Lyft,4.43,ACTIVE,2017-05-11 00:00:00,2017-11-17 00:00:00
DRV000595,Phạm Quân,+1-857-595-1535,MA-1000595,MA-595-0116,Lyft,4.92,ACTIVE,2016-03-28 00:00:00,2016-04-10 00:00:00
DRV000596,Bùi Ngọc,+1-857-596-1588,MA-1000596,MA-596-0133,Lyft,4.54,ACTIVE,2015-05-18 00:00:00,2015-10-14 00:00:00
DRV000597,Vũ Linh,+1-857-597-1641,MA-1000597,MA-597-0150,Lyft,4.71,ACTIVE,2017-07-27 00:00:00,2018-06-05 00:00:00
DRV000598,Hồ Minh,+1-857-598-1694,MA-1000598,MA-598-0167,Uber,4.81,OFFLINE,2015-08-23 00:00:00,2016-07-09 00:00:00
DRV000599,Lê Bình,+1-857-599-1747,MA-1000599,MA-599-0184,Lyft,4.78,ACTIVE,2018-08-19 00:00:00,2020-02-01 00:00:00
DRV000600,Đặng Phương,+1-857-600-1800,MA-1000600,MA-600-0201,Lyft,4.41,ACTIVE,2016-12-06 00:00:00,2017-05-02 00:00:00
DRV000601,Hồ Giang,+1-857-601-1853,MA-1000601,MA-601-0218,Lyft,4.49,ACTIVE,2016-02-16 00:00:00,2017-02-08 00:00:00
DRV000602,Đặng Linh,+1-857-602-1906,MA-1000602,MA-602-0235,Uber,4.79,ACTIVE,2015-04-26 00:00:00,2016-06-10 00:00:00
DRV000603,Đặng Bình,+1-857-603-1959,MA-1000603,MA-603-0252,Lyft,4.93,ACTIVE,2017-05-27 00:00:00,2017-09-07 00:00:00
DRV000604,Lê An,+1-857-604-2012,MA-1000604,MA-604-0269,Lyft,4.92,ACTIVE,2017-04-26 00:00:00,2018-11-06 00:00:00
DRV000605,Đỗ Chi,+1-857-605-2065,MA-1000605,MA-605-0286,Uber,4.48,ACTIVE,2015-08-25 00:00:00,2016-11-12 00:00:00
DRV000606,Phạm Lan,+1-857-606-2118,MA-1000606,MA-606-0303,Uber,4.62,ACTIVE,2018-09-20 00:00:00,2019-09-23 00:00:00
DRV000607,Nguyễn An,+1-857-607-2171,MA-1000607,MA-607-0320,Uber,4.63,ACTIVE,2018-02-04 00:00:00,2018-03-10 00:00:00
DRV000608,Bùi Quân,+1-857-608-2224,MA-1000608,MA-608-0337,Uber,4.66,OFFLINE,2017-11-06 00:00:00,2019-03-06 00:00:00
DRV000609,Phạm Dũng,+1-857-609-2277,MA-1000609,MA-609-0354,Lyft,4.59,ACTIVE,2015-03-22 00:00:00,2016-04-23 00:00:00
DRV000610,Bùi Ngọc,+1-857-610-2330,MA-1000610,MA-610-0371,Lyft,4.57,ACTIVE,2018-05-12 00:00:00,2019-12-12 00:00:00
DRV000611,Hồ Trang,+1-857-611-2383,MA-1000611,MA-611-0388,Lyft,4.68,ACTIVE,2016-02-06 00:00:00,2016-09-12 00:00:00
DRV000612,Nguyễn Phương,+1-857-612-2436,MA-1000612,MA-612-0405,Uber,4.64,OFFLINE,2015-03-02 00:00:00,2016-04-14 00:00:00
DRV000613,Trần Bình,+1-857-613-2489,MA-1000613,MA-613-0422,Uber,4.73,ACTIVE,2017-10-05 00:00:00,2017-12-04 00:00:00
DRV000614,Nguyễn Dũng,+1-857-614-2542,MA-1000614,MA-614-0439,Lyft,4.35,ACTIVE,2018-05-04 00:00:00,2018-11-27 00:00:00
DRV000615,Phạm An,+1-857-615-2595,MA-1000615,MA-615-0456,Lyft,4.6,ACTIVE,2016-06-01 00:00:00,2016-07-25 00:00:00
DRV000616,Hoàng Minh,+1-857-616-2648,MA-1000616,MA-616-0473,Uber,4.98,OFFLINE,2018-05-30 00:00:00,2018-07-27 00:00:00
DRV000617,Hoàng Linh,+1-857-617-2701,MA-1000617,MA-617-0490,Uber,4.73,ACTIVE,2016-03-30 00:00:00,2016-11-05 00:00:00
DRV000618,Phạm Bình,+1-857-618-2754,MA-1000618,MA-618-0507,Uber,4.75,ACTIVE,2017-03-05 00:00:00,2017-12-28 00:00:00
DRV000619,Hoàng Lan,+1-857-619-2807,MA-1000619,MA-619-0524,Uber,4.69,ACTIVE,2018-06-24 00:00:00,2018-12-20 00:00:00
DRV000620,Vũ Linh,+1-857-620-2860,MA-1000620,MA-620-0541,Lyft,4.88,ACTIVE,2016-09-13 00:00:00,2017-03-03 00:00:00
DRV000621,Phạm Lan,,MA-1000621,MA-621-0558,Uber,4.57,ACTIVE,2015-11-05 00:00:00,2015-12-23 00:00:00
DRV000622,Hoàng An,+1-857-622-2966,MA-1000622,MA-622-0575,Uber,4.99,ACTIVE,2016-06-12 00:00:00,2017-05-21 00:00:00
DRV000623,Phạm Lan,+1-857-623-3019,MA-1000623,MA-623-0592,Lyft,4.8,ACTIVE,2017-04-29 00:00:00,2018-05-17 00:00:00
DRV000624,Phạm Quân,+1-857-624-3072,MA-1000624,MA-624-0609,Uber,4.78,ACTIVE,2017-05-26 00:00:00,2018-09-27 00:00:00
DRV000625,Hồ Hải,+1-857-625-3125,MA-1000625,MA-625-0626,Uber,4.62,ACTIVE,2017-11-01 00:00:00,2018-01-07 00:00:00
DRV000626,Phạm Hương,+1-857-626-3178,MA-1000626,MA-626-0643,Uber,4.81,ACTIVE,2016-03-29 00:00:00,2017-07-02 00:00:00
DRV000627,Lê Hương,+1-857-627-3231,MA-1000627,MA-627-0660,Uber,4.81,OFFLINE,2018-03-09 00:00:00,2018-06-05 00:00:00
DRV000628,Hoàng Khánh,+1-857-628-3284,MA-1000628,MA-628-0677,Uber,4.4,ACTIVE,2015-09-28 00:00:00,2016-03-07 00:00:00
DRV000629,Đặng Ngọc,+1-857-629-3337,MA-1000629,MA-629-0694,Uber,4.73,ACTIVE,2018-07-05 00:00:00,2018-11-07 00:00:00
DRV000630,Trần Quân,+1-857-630-3390,MA-1000630,MA-630-0711,Uber,4.83,ACTIVE,2016-06-27 00:00:00,2016-09-05 00:00:00
DRV000631,Vũ Trang,+1-857-631-3443,MA-1000631,MA-631-0728,Lyft,4.7,ACTIVE,2016-11-05 00:00:00,2018-06-02 00:00:00
DRV000632,Đỗ Ngọc,+1-857-632-3496,MA-1000632,MA-632-0745,Uber,4.55,ACTIVE,2016-05-13 00:00:00,2017-08-12 00:00:00
DRV000633,Đặng Giang,+1-857-633-3549,MA-1000633,MA-633-0762,Uber,4.5,ACTIVE,2016-12-14 00:00:00,2017-03-10 00:00:00
DRV000634,Nguyễn Nam,+1-857-634-3602,MA-1000634,MA-634-0779,Lyft,4.93,ACTIVE,2015-10-05 00:00:00,2016-10-15 00:00:00
DRV000635,Phạm Trang,+1-857-635-3655,MA-1000635,MA-635-0796,Uber,4.67,ACTIVE,2015-05-29 00:00:00,2016-06-15 00:00:00
DRV000636,Vũ Hải,+1-857-636-3708,MA-1000636,MA-636-0813,Uber,4.86,ACTIVE,2016-08-26 00:00:00,2017-12-21 00:00:00
DRV000637,Bùi Trang,+1-857-637-3761,MA-1000637,MA-637-0830,Uber,4.35,ACTIVE,2016-08-10 00:00:00,2017-06-02 00:00:00
DRV000638,Đặng Tuấn,+1-857-638-3814,MA-1000638,MA-638-0847,Lyft,4.51,ACTIVE,2017-06-08 00:00:00,2018-01-24 00:00:00
DRV000639,Phạm Trang,+1-857-639-3867,MA-1000639,MA-639-0864,Uber,4.95,OFFLINE,2016-07-08 00:00:00,2017-05-15 00:00:00
DRV000640,Đỗ Dũng,+1-857-640-3920,MA-1000640,MA-640-0881,Uber,4.34,ACTIVE,2016-02-21 00:00:00,2016-10-04 00:00:00
DRV000641,Phạm Khánh,+1-857-641-3973,MA-1000641,MA-641-0898,Uber,4.65,ACTIVE,2017-02-10 00:00:00,2017-11-23 00:00:00
DRV000642,Phạm Linh,+1-857-642-4026,MA-1000642,MA-642-0915,Lyft,4.89,ACTIVE,2016-02-01 00:00:00,2017-03-09 00:00:00
DRV000643,Hoàng Tuấn,+1-857-643-4079,MA-1000643,MA-643-0932,Lyft,4.65,ACTIVE,2015-03-08 00:00:00,2016-03-07 00:00:00
DRV000644,Đặng Dũng,+1-857-644-4132,MA-1000644,MA-644-0949,Uber,4.88,ACTIVE,2015-02-27 00:00:00,2016-02-16 00:00:00
DRV000645,Hoàng Minh,+1-857-645-4185,MA-1000645,MA-645-0966,Lyft,4.44,ACTIVE,2016-04-12 00:00:00,2017-01-16 00:00:00
DRV000646,Vũ Tuấn,+1-857-646-4238,MA-1000646,MA-646-0983,Lyft,4.61,ACTIVE,2018-05-05 00:00:00,2018-07-08 00:00:00
DRV000647,Đỗ Phương,+1-857-647-4291,MA-1000647,MA-647-1000,Uber,4.6,ACTIVE,2016-01-30 00:00:00,2017-07-20 00:00:00
DRV000648,Phạm Hà,+1-857-648-4344,MA-1000648,MA-648-1017,Uber,4.79,ACTIVE,2016-04-18 00:00:00,2017-06-16 00:00:00
DRV000649,Vũ Trang,+1-857-649-4397,MA-1000649,MA-649-1034,Uber,4.92,OFFLINE,2017-03-18 00:00:00,2018-08-06 00:00:00
DRV000650,Nguyễn An,+1-857-650-4450,MA-1000650,MA-650-1051,Lyft,4.9,ACTIVE,2018-03-24 00:00:00,2019-10-17 00:00:00
DRV000651,Trần Phương,+1-857-651-4503,MA-1000651,MA-651-1068,Uber,4.96,ACTIVE,2018-07-30 00:00:00,2020-01-31 00:00:00
DRV000652,Phạm Bình,+1-857-652-4556,MA-1000652,MA-652-1085,Uber,4.81,ACTIVE,2017-06-07 00:00:00,2018-10-04 00:00:00
DRV000653,Bùi Phương,+1-857-653-4609,MA-1000653,MA-653-1102,Uber,4.79,ACTIVE,2016-02-06 00:00:00,2017-01-16 00:00:00
DRV000654,Hồ Giang,+1-857-654-4662,MA-1000654,MA-654-1119,Uber,4.64,ACTIVE,2018-06-17 00:00:00,2019-01-07 00:00:00
DRV000655,Đặng Nam,+1-857-655-4715,MA-1000655,MA-655-1136,Uber,4.68,ACTIVE,2018-01-03 00:00:00,2019-03-08 00:00:00
DRV000656,Đỗ Phương,+1-857-656-4768,MA-1000656,MA-656-1153,Lyft,4.35,ACTIVE,2016-05-18 00:00:00,2016-06-01 00:00:00
DRV000657,Nguyễn Hải,+1-857-657-4821,MA-1000657,MA-657-1170,Uber,4.57,ACTIVE,2018-06-26 00:00:00,2019-06-02 00:00:00
DRV000658,Vũ Dũng,+1-857-658-4874,MA-1000658,MA-658-1187,Uber,4.41,ACTIVE,2017-04-15 00:00:00,2018-05-16 00:00:00
DRV000659,Hoàng Trang,+1-857-659-4927,MA-1000659,MA-659-1204,Uber,4.8,ACTIVE,2015-10-04 00:00:00,2016-09-09 00:00:00
DRV000660,Bùi Trang,+1-857-660-4980,MA-1000660,MA-660-1221,Uber,4.9,ACTIVE,2016-04-28 00:00:00,2016-07-03 00:00:00
DRV000661,Phạm Trang,+1-857-661-5033,MA-1000661,MA-661-1238,Uber,4.99,ACTIVE,2017-05-19 00:00:00,2018-03-18 00:00:00
DRV000662,Hoàng Nam,+1-857-662-5086,MA-1000662,MA-662-1255,Uber,4.42,SUSPENDED,2016-10-05 00:00:00,2016-11-25 00:00:00
DRV000663,Trần Hương,+1-857-663-5139,MA-1000663,MA-663-1272,Uber,4.74,ACTIVE,2018-07-09 00:00:00,2019-09-25 00:00:00
DRV000664,Bùi Nam,+1-857-664-5192,MA-1000664,MA-664-1289,Uber,5.0,ACTIVE,2018-01-12 00:00:00,2019-08-14 00:00:00
DRV000665,Hoàng Nam,+1-857-665-5245,MA-1000665,MA-665-1306,Lyft,4.82,ACTIVE,2016-05-29 00:00:00,2017-08-13 00:00:00
DRV000666,Lê Hải,+1-857-666-5298,MA-1000666,MA-666-1323,Lyft,4.38,ACTIVE,2018-02-27 00:00:00,2018-07-03 00:00:00
DRV000667,Hoàng Khánh,+1-857-667-5351,MA-1000667,MA-667-1340,Uber,4.4,ACTIVE,2016-06-13 00:00:00,2017-11-23 00:00:00
DRV000668,Hồ Ngọc,+1-857-668-5404,MA-1000668,MA-668-1357,Uber,5.0,ACTIVE,2015-08-29 00:00:00,2015-11-25 00:00:00
DRV000669,Đặng Trang,+1-857-669-5457,MA-1000669,MA-669-1374,Uber,4.59,ACTIVE,2016-09-13 00:00:00,2018-02-03 00:00:00
DRV000670,Nguyễn Phương,+1-857-670-5510,MA-1000670,MA-670-1391,Lyft,5.0,ACTIVE,2015-09-07 00:00:00,2016-10-15 00:00:00
DRV000671,Lê Hà,+1-857-671-5563,MA-1000671,MA-671-1408,Lyft,4.51,ACTIVE,2016-04-20 00:00:00,2016-07-10 00:00:00
DRV000672,Bùi Bình,+1-857-672-5616,MA-1000672,MA-672-1425,Lyft,4.88,OFFLINE,2018-02-23 00:00:00,2019-04-10 00:00:00
DRV000673,Đặng Hải,+1-857-673-5669,MA-1000673,MA-673-1442,Uber,4.41,ACTIVE,2017-12-21 00:00:00,2018-12-20 00:00:00
DRV000674,Lê Lan,+1-857-674-5722,MA-1000674,MA-674-1459,Lyft,4.88,ACTIVE,2015-08-07 00:00:00,2016-07-08 00:00:00
DRV000675,Hoàng Linh,CALL-ME,MA-1000675,MA-675-1476,Uber,4.8,ACTIVE,2017-03-22 00:00:00,2017-06-21 00:00:00
DRV000676,Nguyễn Phương,+1-857-676-5828,MA-1000676,MA-676-1493,Lyft,5.0,ACTIVE,2017-04-23 00:00:00,2018-01-23 00:00:00
DRV000677,Hồ Nam,+1-857-677-5881,MA-1000677,MA-677-1510,Lyft,4.47,ACTIVE,2015-08-04 00:00:00,2016-07-08 00:00:00
DRV000678,Bùi Dũng,+1-857-678-5934,MA-1000678,MA-678-1527,Lyft,4.93,ACTIVE,2015-06-23 00:00:00,2015-06-28 00:00:00
DRV000679,Nguyễn Bình,+1-857-679-5987,MA-1000679,MA-679-1544,Uber,4.57,ACTIVE,2017-05-16 00:00:00,2018-03-31 00:00:00
DRV000680,Nguyễn Hương,+1-857-680-6040,MA-1000680,MA-680-1561,Uber,4.84,ACTIVE,2015-12-29 00:00:00,2016-05-11 00:00:00
DRV000681,Trần Linh,+1-857-681-6093,MA-1000681,MA-681-1578,Uber,4.64,ACTIVE,2017-07-16 00:00:00,2019-02-19 00:00:00
DRV000682,Bùi An,+1-857-682-6146,MA-1000682,MA-682-1595,Uber,4.71,ACTIVE,2018-06-28 00:00:00,2018-10-05 00:00:00
DRV000683,Bùi Trang,+1-857-683-6199,MA-1000683,MA-683-1612,Uber,4.73,ACTIVE,2018-05-02 00:00:00,2018-08-23 00:00:00
DRV000684,Phạm Trang,+1-857-684-6252,MA-12,MA-684-1629,Uber,4.46,ACTIVE,2018-09-05 00:00:00,2018-11-18 00:00:00
DRV000685,Hồ Linh,+1-857-685-6305,MA-1000685,MA-685-1646,Uber,5.0,ACTIVE,2016-02-19 00:00:00,2016-12-29 00:00:00
DRV000686,Nguyễn Chi,+1-857-686-6358,MA-1000686,MA-686-1663,Lyft,4.54,ACTIVE,2017-05-14 00:00:00,2018-03-18 00:00:00
DRV000687,Đỗ Hải,+1-857-687-6411,MA-1000687,MA-687-1680,Uber,4.93,ACTIVE,2017-03-28 00:00:00,2018-09-05 00:00:00
DRV000688,Hoàng An,+1-857-688-6464,MA-1000688,MA-688-1697,Lyft,4.69,ACTIVE,2016-11-17 00:00:00,2017-07-22 00:00:00
DRV000689,Bùi Trang,+1-857-689-6517,MA-1000689,MA-689-1714,Uber,4.65,ACTIVE,2016-10-24 00:00:00,2017-05-29 00:00:00
DRV000690,Đặng Giang,+1-857-690-6570,MA-1000690,MA-690-1731,Uber,5.0,ACTIVE,2016-09-29 00:00:00,2017-12-25 00:00:00
DRV000691,Trần Lan,+1-857-691-6623,MA-1000691,MA-691-1748,Lyft,4.46,ACTIVE,2017-12-04 00:00:00,2019-04-02 00:00:00
DRV000692,Bùi Bình,+1-857-692-6676,MA-1000692,MA-692-1765,Uber,4.59,ACTIVE,2018-02-19 00:00:00,2018-07-08 00:00:00
DRV000693,Hồ Dũng,+1-857-693-6729,MA-1000693,MA-693-1782,Lyft,4.92,ACTIVE,2015-04-21 00:00:00,2015-06-03 00:00:00
DRV000694,Đặng An,+1-857-694-6782,MA-1000694,MA-694-1799,Lyft,4.66,ACTIVE,2016-06-11 00:00:00,2017-11-25 00:00:00
DRV000695,Hoàng Hà,+1-857-695-6835,MA-1000695,MA-695-1816,Lyft,4.71,ACTIVE,2015-12-08 00:00:00,2016-11-01 00:00:00
DRV000696,Nguyễn Chi,+1-857-696-6888,MA-1000696,MA-696-1833,Lyft,4.68,ACTIVE,2018-01-13 00:00:00,2018-11-06 00:00:00
DRV000697,Đỗ Khánh,+1-857-697-6941,MA-1000697,MA-697-1850,Uber,4.4,SUSPENDED,2017-04-09 00:00:00,2017-07-06 00:00:00
DRV000698,Vũ Bình,+1-857-698-6994,MA-1000698,MA-698-1867,Lyft,4.8,ACTIVE,2018-03-11 00:00:00,2019-10-03 00:00:00
DRV000699,Nguyễn Hải,+1-857-699-7047,MA-1000699,MA-699-1884,Lyft,4.5,ACTIVE,2015-04-29 00:00:00,2016-05-08 00:00:00
DRV000700,Vũ Lan,+1-857-700-7100,MA-1000700,MA-700-1901,Uber,4.77,ACTIVE,2017-12-15 00:00:00,2019-07-24 00:00:00
DRV000701,Vũ Dũng,+1-857-701-7153,MA-1000701,MA-701-1918,Uber,4.67,ACTIVE,2015-11-13 00:00:00,2017-05-16 00:00:00
DRV000702,Bùi Lan,+1-857-702-7206,MA-1000702,MA-702-1935,Lyft,4.6,ACTIVE,2018-01-01 00:00:00,2018-01-22 00:00:00
DRV000703,Hồ Hương,+1-857-703-7259,MA-1000703,MA-703-1952,Uber,4.74,ACTIVE,2018-03-10 00:00:00,2019-08-25 00:00:00
DRV000704,Đỗ Hà,+1-857-704-7312,MA-1000704,MA-704-1969,Lyft,4.77,ACTIVE,2017-09-09 00:00:00,2018-11-03 00:00:00
DRV000705,Hồ Tuấn,+1-857-705-7365,MA-1000705,MA-705-1986,Lyft,4.78,OFFLINE,2017-07-29 00:00:00,2017-11-05 00:00:00
DRV000706,Đặng Hà,+1-857-706-7418,MA-1000706,MA-706-2003,Lyft,4.88,ACTIVE,2016-04-13 00:00:00,2016-11-23 00:00:00
DRV000707,Vũ Nam,+1-857-707-7471,MA-1000707,MA-707-2020,Uber,4.68,ACTIVE,2015-07-04 00:00:00,2016-08-08 00:00:00
DRV000708,Trần Minh,+1-857-708-7524,MA-1000708,MA-708-2037,Uber,4.8,ACTIVE,2015-10-07 00:00:00,2017-03-19 00:00:00
DRV000709,Bùi Dũng,+1-857-709-7577,MA-1000709,MA-709-2054,Uber,4.6,OFFLINE,2017-12-31 00:00:00,2018-12-18 00:00:00
DRV000710,Hoàng Nam,+1-857-710-7630,MA-1000710,MA-710-2071,Lyft,4.42,ACTIVE,2017-06-18 00:00:00,2018-02-23 00:00:00
DRV000711,Hoàng Quân,+1-857-711-7683,MA-1000711,MA-711-2088,Uber,4.8,ACTIVE,2016-04-24 00:00:00,2017-05-16 00:00:00
DRV000712,Phạm Giang,+1-857-712-7736,MA-1000712,MA-712-2105,Uber,4.54,ACTIVE,2015-08-26 00:00:00,2017-01-03 00:00:00
DRV000713,Bùi Trang,+1-857-713-7789,MA-1000713,MA-713-2122,Lyft,4.58,ACTIVE,2018-04-20 00:00:00,2019-09-13 00:00:00
DRV000714,Phạm Ngọc,+1-857-714-7842,MA-1000714,MA-714-2139,Uber,4.84,ACTIVE,2015-04-17 00:00:00,2016-01-19 00:00:00
DRV000715,Hồ Tuấn,+1-857-715-7895,MA-1000715,MA-715-2156,Lyft,4.65,ACTIVE,2017-02-28 00:00:00,2017-11-05 00:00:00
DRV000716,Bùi An,+1-857-716-7948,MA-1000716,MA-716-2173,Lyft,4.9,SUSPENDED,2016-07-15 00:00:00,2017-01-23 00:00:00
DRV000717,Vũ Lan,+1-857-717-8001,MA-1000717,MA-717-2190,Lyft,5.0,ACTIVE,2018-05-28 00:00:00,2018-12-07 00:00:00
DRV000718,Nguyễn Bình,+1-857-718-8054,MA-1000718,MA-718-2207,Lyft,4.77,ACTIVE,2015-09-12 00:00:00,2017-02-26 00:00:00
DRV000719,Vũ Bình,+1-857-719-8107,MA-1000719,MA-719-2224,Lyft,4.8,ACTIVE,2015-09-25 00:00:00,2015-11-20 00:00:00
DRV000720,Trần Lan,+1-857-720-8160,MA-1000720,MA-720-2241,Lyft,4.6,ACTIVE,2017-04-21 00:00:00,2018-09-21 00:00:00
DRV000721,Hoàng Giang,+1-857-721-8213,MA-1000721,MA-721-2258,Lyft,5.0,ACTIVE,2017-03-30 00:00:00,2018-01-24 00:00:00
DRV000722,Nguyễn Trang,+1-857-722-8266,MA-1000722,MA-722-2275,Uber,4.41,ACTIVE,2015-10-25 00:00:00,2016-02-10 00:00:00
DRV000723,Trần Ngọc,+1-857-723-8319,MA-1000723,MA-723-2292,Uber,4.84,ACTIVE,2015-04-09 00:00:00,2015-07-02 00:00:00
DRV000724,Bùi Trang,+1-857-724-8372,MA-1000724,MA-724-2309,Uber,4.53,ACTIVE,2016-12-10 00:00:00,2017-04-23 00:00:00
DRV000725,Nguyễn Ngọc,+1-857-725-8425,MA-1000725,MA-725-2326,Lyft,4.66,ACTIVE,2015-10-27 00:00:00,2015-11-01 00:00:00
DRV000726,Đặng Ngọc,+1-857-726-8478,MA-1000726,MA-726-2343,Uber,4.52,ACTIVE,2015-09-03 00:00:00,2016-08-07 00:00:00
DRV000727,Vũ Phương,+1-857-727-8531,MA-1000727,MA-727-2360,Uber,4.82,OFFLINE,2017-10-18 00:00:00,2018-06-05 00:00:00
DRV000728,Nguyễn Ngọc,+1-857-728-8584,MA-1000728,MA-728-2377,Uber,4.78,ACTIVE,2017-09-22 00:00:00,2019-02-28 00:00:00
DRV000729,Đặng Hải,+1-857-729-8637,MA-1000729,MA-729-2394,Uber,4.68,OFFLINE,2017-03-30 00:00:00,2017-05-27 00:00:00
DRV000730,Bùi Lan,+1-857-730-8690,MA-1000730,MA-730-2411,Uber,4.57,ACTIVE,2015-12-28 00:00:00,2016-02-26 00:00:00
DRV000731,Lê Hương,+1-857-731-8743,MA-1000731,MA-731-2428,Uber,4.81,ACTIVE,2016-05-16 00:00:00,2017-10-22 00:00:00
DRV000732,Trần Hương,+1-857-732-8796,MA-1000732,MA-732-2445,Uber,4.66,ACTIVE,2017-02-04 00:00:00,2017-06-21 00:00:00
DRV000733,Nguyễn Tuấn,+1-857-733-8849,MA-1000733,MA-733-2462,Uber,4.66,ACTIVE,2016-12-30 00:00:00,2017-06-17 00:00:00
DRV000734,Hồ Ngọc,+1-857-734-8902,MA-1000734,MA-734-2479,Uber,4.66,ACTIVE,2015-10-12 00:00:00,2016-04-22 00:00:00
DRV000735,Hoàng Ngọc,+1-857-735-8955,MA-1000735,MA-735-2496,Lyft,5.0,ACTIVE,2018-04-02 00:00:00,2018-06-16 00:00:00
DRV000736,Trần An,+1-857-736-9008,MA-1000736,MA-736-2513,Lyft,4.53,OFFLINE,2015-10-28 00:00:00,2016-12-26 00:00:00
DRV000737,Phạm Hương,+1-857-737-9061,MA-1000737,MA-737-2530,Uber,4.75,ACTIVE,2016-05-21 00:00:00,2017-06-21 00:00:00
DRV000738,Hồ Ngọc,+1-857-738-9114,MA-1000738,MA-738-2547,Lyft,4.51,ACTIVE,2017-11-09 00:00:00,2018-11-19 00:00:00
DRV000739,Vũ An,+1-857-739-9167,MA-1000739,MA-739-2564,Uber,5.0,ACTIVE,2017-08-28 00:00:00,2017-12-02 00:00:00
DRV000740,Nguyễn Ngọc,+1-857-740-9220,MA-1000740,MA-740-2581,Uber,4.8,ACTIVE,2016-01-29 00:00:00,2016-11-10 00:00:00
DRV000741,Đặng Bình,+1-857-741-9273,MA-1000741,MA-741-2598,Lyft,4.78,ACTIVE,2015-05-09 00:00:00,2015-10-04 00:00:00
DRV000742,Vũ Hương,+1-857-742-9326,MA-1000742,MA-742-2615,Uber,4.77,OFFLINE,2018-09-14 00:00:00,2019-01-29 00:00:00
DRV000743,Nguyễn Hải,+1-857-743-9379,MA-1000743,MA-743-2632,Uber,4.24,ACTIVE,2016-06-01 00:00:00,2016-06-02 00:00:00
DRV000744,Nguyễn Quân,+1-857-744-9432,MA-1000744,MA-744-2649,Lyft,4.94,ACTIVE,2017-05-16 00:00:00,2017-08-28 00:00:00
DRV000745,Trần Minh,+1-857-745-9485,MA-1000745,MA-745-2666,Uber,4.64,ACTIVE,2018-02-26 00:00:00,2019-07-01 00:00:00
DRV000746,Trần Quân,+1-857-746-9538,MA-1000746,MA-746-2683,Lyft,4.68,ACTIVE,2017-09-18 00:00:00,2018-03-13 00:00:00
DRV000747,Hồ Phương,+1-857-747-9591,MA-1000747,MA-747-2700,Uber,4.75,ACTIVE,2016-11-16 00:00:00,2017-11-17 00:00:00
DRV000748,Trần Quân,+1-857-748-9644,MA-1000748,MA-748-2717,Uber,5.0,ACTIVE,2016-02-23 00:00:00,2016-04-22 00:00:00
DRV000749,Vũ Dũng,+1-857-749-9697,MA-1000749,MA-749-2734,Lyft,4.92,ACTIVE,2015-10-19 00:00:00,2017-04-14 00:00:00
DRV000750,Hồ Hà,+1-857-750-9750,MA-1000750,MA-750-2751,Lyft,4.8,ACTIVE,2015-03-10 00:00:00,2015-09-17 00:00:00
DRV000751,Bùi Phương,+1-857-751-9803,MA-1000751,MA-751-2768,Lyft,4.89,OFFLINE,2017-03-16 00:00:00,2017-03-20 00:00:00
DRV000752,Hồ Linh,+1-857-752-9856,MA-1000752,MA-752-2785,Uber,4.9,ACTIVE,2015-07-09 00:00:00,2016-04-30 00:00:00
DRV000753,Lê Hương,+1-857-753-9909,MA-1000753,MA-753-2802,Uber,4.57,ACTIVE,2015-11-26 00:00:00,2017-04-30 00:00:00
DRV000754,Hoàng Hương,+1-857-754-9962,MA-1000754,MA-754-2819,Uber,4.58,ACTIVE,2016-08-18 00:00:00,2016-09-20 00:00:00
DRV000755,Trần Nam,+1-857-755-0015,MA-1000755,MA-755-2836,Lyft,5.0,ACTIVE,2017-05-14 00:00:00,2018-06-25 00:00:00
DRV000756,Lê Bình,+1-857-756-0068,MA-1000756,MA-756-2853,Uber,4.65,ACTIVE,2016-08-17 00:00:00,2017-12-28 00:00:00
DRV000757,Bùi Nam,+1-857-757-0121,MA-1000757,MA-757-2870,Lyft,4.9,ACTIVE,2015-11-08 00:00:00,2016-07-05 00:00:00
DRV000758,Đỗ Bình,+1-857-758-0174,MA-1000758,MA-758-2887,Uber,4.7,ACTIVE,2016-08-05 00:00:00,2017-06-28 00:00:00
DRV000759,Phạm Ngọc,+1-857-759-0227,MA-1000759,MA-759-2904,Lyft,4.67,ACTIVE,2015-07-20 00:00:00,2016-05-19 00:00:00
DRV000760,Phạm Quân,+1-857-760-0280,MA-1000760,MA-760-2921,Uber,4.71,ACTIVE,2017-05-03 00:00:00,2018-02-04 00:00:00
DRV000761,Lê Ngọc,+1-857-761-0333,MA-1000761,MA-761-2938,Lyft,4.58,ACTIVE,2016-12-21 00:00:00,2018-01-31 00:00:00
DRV000762,Vũ Minh,+1-857-762-0386,MA-1000762,MA-762-2955,Lyft,5.0,OFFLINE,2018-01-18 00:00:00,2018-08-08 00:00:00
DRV000763,Bùi Hà,+1-857-763-0439,MA-1000763,MA-763-2972,Lyft,4.44,ACTIVE,2016-02-24 00:00:00,2017-07-28 00:00:00
DRV000764,Vũ An,+1-857-764-0492,MA-1000764,MA-764-2989,Uber,4.73,ACTIVE,2017-02-22 00:00:00,2017-05-20 00:00:00
DRV000765,Hồ Dũng,+1-857-765-0545,MA-1000765,MA-765-3006,Uber,4.37,ACTIVE,2015-05-16 00:00:00,2016-12-20 00:00:00
DRV000766,Trần Giang,+1-857-766-0598,MA-1000766,MA-766-3023,Lyft,4.71,ACTIVE,2018-09-20 00:00:00,2018-10-13 00:00:00
DRV000767,Đỗ Quân,+1-857-767-0651,MA-1000767,MA-767-3040,Uber,4.9,OFFLINE,2015-11-13 00:00:00,2017-01-02 00:00:00
DRV000768,Phạm Minh,+1-857-768-0704,MA-1000768,MA-768-3057,Lyft,4.43,ACTIVE,2018-09-14 00:00:00,2020-02-26 00:00:00
DRV000769,Bùi Hà,+1-857-769-0757,MA-1000769,MA-769-3074,Uber,4.7,ACTIVE,2017-06-05 00:00:00,2017-12-12 00:00:00
DRV000770,Trần Tuấn,+1-857-770-0810,MA-1000770,MA-770-3091,Uber,5.0,ACTIVE,2018-07-05 00:00:00,2019-06-20 00:00:00
DRV000771,Vũ Bình,+1-857-771-0863,MA-1000771,MA-771-3108,Uber,4.69,ACTIVE,2018-08-21 00:00:00,2019-07-19 00:00:00
DRV000772,Đỗ Linh,+1-857-772-0916,MA-1000772,MA-772-3125,Lyft,4.49,ACTIVE,2018-03-17 00:00:00,2018-07-14 00:00:00
DRV000773,Đỗ Dũng,+1-857-773-0969,MA-1000773,MA-773-3142,Uber,4.73,ACTIVE,2015-07-10 00:00:00,2016-01-27 00:00:00
DRV000774,Đỗ Hương,+1-857-774-1022,MA-1000774,MA-774-3159,Lyft,4.9,ACTIVE,2015-04-01 00:00:00,2016-04-25 00:00:00
DRV000775,Đỗ Ngọc,+1-857-775-1075,MA-1000775,MA-775-3176,Lyft,4.53,ACTIVE,2018-02-15 00:00:00,2019-05-28 00:00:00
DRV000776,Vũ Nam,+1-857-776-1128,MA-1000776,MA-776-3193,Lyft,4.77,ACTIVE,2015-04-24 00:00:00,2016-10-23 00:00:00
DRV000777,Bùi Trang,+1-857-777-1181,MA-1000777,MA-777-3210,Lyft,5.0,OFFLINE,2018-07-15 00:00:00,2018-09-26 00:00:00
DRV000778,Hồ Hà,+1-857-778-1234,MA-1000778,MA-778-3227,Uber,4.61,OFFLINE,2017-02-26 00:00:00,2017-12-12 00:00:00
DRV000779,Đặng Hải,+1-857-779-1287,MA-1000779,MA-779-3244,Uber,4.83,ACTIVE,2015-04-19 00:00:00,2016-05-07 00:00:00
DRV000780,Lê Quân,+1-857-780-1340,MA-1000780,MA-780-3261,Lyft,4.56,ACTIVE,2018-06-21 00:00:00,2019-07-22 00:00:00
DRV000781,Vũ Khánh,+1-857-781-1393,MA-1000781,MA-781-3278,Lyft,4.84,ACTIVE,2015-03-07 00:00:00,2015-09-14 00:00:00
DRV000782,Hồ Trang,+1-857-782-1446,MA-1000782,MA-782-3295,Uber,4.54,ACTIVE,2018-01-05 00:00:00,2018-02-19 00:00:00
DRV000783,Nguyễn Tuấn,+1-857-783-1499,MA-1000783,MA-783-3312,Lyft,4.48,ACTIVE,2015-12-24 00:00:00,2016-01-15 00:00:00
DRV000784,Bùi Ngọc,+1-857-784-1552,MA-1000784,MA-784-3329,Lyft,4.73,ACTIVE,2017-07-05 00:00:00,2018-11-17 00:00:00
DRV000785,Hồ Minh,+1-857-785-1605,MA-1000785,MA-785-3346,Uber,4.72,ACTIVE,2015-05-15 00:00:00,2016-05-05 00:00:00
DRV000786,Hoàng Phương,+1-857-786-1658,MA-1000786,MA-786-3363,Lyft,5.0,ACTIVE,2015-02-17 00:00:00,2015-05-08 00:00:00
DRV000787,Nguyễn An,+1-857-787-1711,MA-1000787,MA-787-3380,Lyft,4.46,ACTIVE,2015-03-21 00:00:00,2015-11-03 00:00:00
DRV000788,Trần Lan,+1-857-788-1764,MA-1000788,MA-788-3397,Lyft,4.69,ACTIVE,2017-08-02 00:00:00,2019-01-07 00:00:00
DRV000789,Vũ Hà,+1-857-789-1817,MA-1000789,MA-789-3414,Uber,4.81,ACTIVE,2016-10-11 00:00:00,2017-01-04 00:00:00
DRV000790,Đặng Linh,+1-857-790-1870,MA-1000790,MA-790-3431,Lyft,4.7,ACTIVE,2017-06-05 00:00:00,2018-12-07 00:00:00
DRV000791,Đặng Trang,+1-857-791-1923,MA-1000791,MA-791-3448,Uber,4.92,ACTIVE,2018-03-16 00:00:00,2018-03-19 00:00:00
DRV000792,Đỗ Tuấn,+1-857-792-1976,MA-1000792,MA-792-3465,Uber,4.68,ACTIVE,2016-01-02 00:00:00,2016-04-05 00:00:00
DRV000793,Lê Giang,+1-857-793-2029,MA-1000793,MA-793-3482,Uber,4.59,ACTIVE,2017-09-21 00:00:00,2019-04-08 00:00:00
DRV000794,Đặng Quân,+1-857-794-2082,MA-1000794,MA-794-3499,Lyft,4.7,OFFLINE,2017-02-07 00:00:00,2017-05-30 00:00:00
DRV000795,Đặng Phương,+1-857-795-2135,MA-1000795,MA-795-3516,Lyft,4.68,OFFLINE,2018-08-27 00:00:00,2019-05-29 00:00:00
DRV000796,Đặng Giang,+1-857-796-2188,MA-1000796,MA-796-3533,Uber,4.57,ACTIVE,2016-12-05 00:00:00,2017-09-09 00:00:00
DRV000797,Nguyễn Tuấn,+1-857-797-2241,MA-1000797,MA-797-3550,Uber,4.56,OFFLINE,2018-08-27 00:00:00,2019-12-10 00:00:00
DRV000798,Trần Nam,+1-857-798-2294,MA-1000798,MA-798-3567,Lyft,4.54,ACTIVE,2018-05-03 00:00:00,2019-07-10 00:00:00
DRV000799,Phạm An,+1-857-799-2347,MA-1000799,MA-799-3584,Uber,5.0,ACTIVE,2017-04-14 00:00:00,2018-07-24 00:00:00
DRV000800,Nguyễn Dũng,+1-857-800-2400,MA-1000800,MA-800-3601,Uber,4.81,ACTIVE,2017-07-04 00:00:00,2018-09-03 00:00:00
DRV000801,Đỗ Hải,+1-857-801-2453,MA-1000801,MA-801-3618,Uber,4.5,ACTIVE,2016-03-07 00:00:00,2016-10-16 00:00:00
DRV000802,Bùi An,+1-857-802-2506,MA-1000802,MA-802-3635,Lyft,4.7,ACTIVE,2016-01-08 00:00:00,2016-07-14 00:00:00
DRV000803,Vũ Hải,+1-857-803-2559,MA-1000803,MA-803-3652,Lyft,4.72,ACTIVE,2016-09-11 00:00:00,2017-11-21 00:00:00
DRV000804,Hoàng Tuấn,+1-857-804-2612,MA-1000804,MA-804-3669,Uber,4.58,ACTIVE,2016-05-28 00:00:00,2016-10-28 00:00:00
DRV000805,Đỗ Khánh,+1-857-805-2665,MA-1000805,MA-805-3686,Lyft,4.62,ACTIVE,2017-02-17 00:00:00,2018-03-09 00:00:00
DRV000806,Phạm Bình,+1-857-806-2718,MA-1000806,MA-806-3703,Lyft,4.64,ACTIVE,2016-02-05 00:00:00,2016-07-23 00:00:00
DRV000807,Bùi Phương,+1-857-807-2771,MA-1000807,MA-807-3720,Uber,4.82,ACTIVE,2016-05-07 00:00:00,2016-09-08 00:00:00
DRV000808,Đỗ An,+1-857-808-2824,MA-1000808,MA-808-3737,Uber,4.66,ACTIVE,2017-08-10 00:00:00,2019-03-10 00:00:00
DRV000809,Phạm Phương,+1-857-809-2877,MA-1000809,MA-809-3754,Lyft,4.63,ACTIVE,2017-12-29 00:00:00,2018-11-15 00:00:00
DRV000810,Lê Linh,+1-857-810-2930,MA-1000810,MA-810-3771,Uber,4.64,ACTIVE,2017-06-27 00:00:00,2019-02-03 00:00:00
DRV000811,Hoàng Lan,+1-857-811-2983,MA-1000811,MA-811-3788,Lyft,4.72,ACTIVE,2017-10-03 00:00:00,2017-12-03 00:00:00
DRV000812,Vũ Lan,+1-857-812-3036,MA-1000812,MA-812-3805,Lyft,4.81,ACTIVE,2017-10-03 00:00:00,2017-11-08 00:00:00
DRV000813,Trần Bình,+1-857-813-3089,MA-1000813,MA-813-3822,Lyft,4.77,ACTIVE,2015-09-22 00:00:00,2016-10-24 00:00:00
DRV000814,Vũ Hương,+1-857-814-3142,MA-1000814,MA-814-3839,Lyft,4.62,ACTIVE,2015-05-15 00:00:00,2016-03-10 00:00:00
DRV000815,Hoàng Bình,+1-857-815-3195,MA-1000815,MA-815-3856,Lyft,4.58,OFFLINE,2017-07-12 00:00:00,2018-12-16 00:00:00
DRV000816,Đặng Phương,+1-857-816-3248,MA-1000816,MA-816-3873,Lyft,4.83,ACTIVE,2016-01-26 00:00:00,2016-05-06 00:00:00
DRV000817,Vũ Hải,+1-857-817-3301,MA-1000817,MA-817-3890,Uber,4.58,ACTIVE,2018-02-04 00:00:00,2018-11-23 00:00:00
DRV000818,Hồ Trang,+1-857-818-3354,MA-1000818,MA-818-3907,Lyft,4.64,ACTIVE,2015-03-04 00:00:00,2015-06-16 00:00:00
DRV000819,Bùi Khánh,+1-857-819-3407,MA-1000819,MA-819-3924,Uber,4.45,ACTIVE,2016-04-24 00:00:00,2016-09-14 00:00:00
DRV000820,Hoàng Khánh,+1-857-820-3460,MA-1000820,MA-820-3941,Lyft,4.55,ACTIVE,2016-04-21 00:00:00,2016-12-22 00:00:00
DRV000821,Lê Dũng,+1-857-821-3513,MA-1000821,MA-821-3958,Uber,4.61,ACTIVE,2017-03-02 00:00:00,2018-01-01 00:00:00
DRV000822,Bùi Khánh,+1-857-822-3566,MA-1000822,MA-822-3975,Lyft,4.65,ACTIVE,2015-05-30 00:00:00,2015-08-31 00:00:00
DRV000823,Vũ Trang,+1-857-823-3619,MA-1000823,MA-823-3992,Uber,4.76,ACTIVE,2015-05-13 00:00:00,2016-06-03 00:00:00
DRV000824,Đỗ Trang,+1-857-824-3672,MA-1000824,MA-824-4009,Lyft,5.0,OFFLINE,2015-02-11 00:00:00,2015-04-15 00:00:00
DRV000825,Đỗ Ngọc,+1-857-825-3725,MA-1000825,MA-825-4026,Lyft,4.77,ACTIVE,2016-06-09 00:00:00,2017-08-26 00:00:00
DRV000826,Lê Ngọc,+1-857-826-3778,MA-1000826,MA-826-4043,Lyft,4.61,ACTIVE,2017-08-10 00:00:00,2018-08-19 00:00:00
DRV000827,Đặng Quân,+1-857-827-3831,MA-1000827,MA-827-4060,Uber,4.36,ACTIVE,2016-06-12 00:00:00,2017-06-20 00:00:00
DRV000828,Nguyễn Hà,+1-857-828-3884,MA-1000828,MA-828-4077,Lyft,4.95,ACTIVE,2017-11-22 00:00:00,2018-02-22 00:00:00
DRV000829,Phạm Tuấn,+1-857-829-3937,MA-1000829,MA-829-4094,Uber,4.8,ACTIVE,2017-06-17 00:00:00,2018-03-22 00:00:00
DRV000830,Trần Chi,+1-857-830-3990,MA-1000830,MA-830-4111,Uber,4.77,ACTIVE,2015-12-28 00:00:00,2016-11-20 00:00:00
DRV000831,Hồ Linh,+1-857-831-4043,MA-1000831,MA-831-4128,Uber,4.56,ACTIVE,2017-11-10 00:00:00,2018-02-21 00:00:00
DRV000832,Đỗ Khánh,+1-857-832-4096,MA-1000832,MA-832-4145,Lyft,4.61,ACTIVE,2018-09-11 00:00:00,2019-10-16 00:00:00
DRV000833,Đặng Nam,+1-857-833-4149,MA-1000833,MA-833-4162,Uber,4.57,ACTIVE,2015-02-21 00:00:00,2016-05-14 00:00:00
DRV000834,Nguyễn Chi,+1-857-834-4202,MA-1000834,MA-834-4179,Uber,4.55,ACTIVE,2015-03-20 00:00:00,2016-05-12 00:00:00
DRV000835,Vũ Hải,+1-857-835-4255,MA-1000835,MA-835-4196,Lyft,4.25,OFFLINE,2017-12-21 00:00:00,2018-07-06 00:00:00
DRV000836,Trần Dũng,+1-857-836-4308,MA-1000836,MA-836-4213,Lyft,5.0,ACTIVE,2016-11-06 00:00:00,2017-02-26 00:00:00
DRV000837,Vũ Chi,+1-857-837-4361,MA-1000837,MA-837-4230,Uber,4.79,ACTIVE,2015-02-01 00:00:00,2015-09-17 00:00:00
DRV000838,Vũ Hà,+1-857-838-4414,MA-1000838,MA-838-4247,Uber,4.91,ACTIVE,2015-04-02 00:00:00,2016-05-31 00:00:00
DRV000839,Vũ Hà,+1-857-839-4467,MA-1000839,MA-839-4264,Uber,4.65,ACTIVE,2016-02-08 00:00:00,2017-05-19 00:00:00
DRV000840,Bùi Quân,+1-857-840-4520,MA-1000840,MA-840-4281,Uber,4.78,ACTIVE,2016-09-05 00:00:00,2018-01-24 00:00:00
DRV000841,Vũ Lan,+1-857-841-4573,MA-1000841,MA-841-4298,Lyft,4.77,OFFLINE,2016-07-03 00:00:00,2016-10-02 00:00:00
DRV000842,Phạm Tuấn,+1-857-842-4626,MA-1000842,MA-842-4315,Uber,4.65,ACTIVE,2015-05-01 00:00:00,2015-07-10 00:00:00
DRV000843,Nguyễn Ngọc,+1-857-843-4679,MA-1000843,MA-843-4332,Uber,4.52,ACTIVE,2015-11-11 00:00:00,2016-08-29 00:00:00
DRV000844,Hồ Dũng,+1-857-844-4732,MA-1000844,MA-844-4349,Uber,4.5,ACTIVE,2016-08-05 00:00:00,2016-10-03 00:00:00
DRV000845,Phạm Quân,+1-857-845-4785,MA-1000845,MA-845-4366,Uber,4.9,ACTIVE,2015-07-29 00:00:00,2016-05-12 00:00:00
DRV000846,Hồ Phương,+1-857-846-4838,MA-1000846,MA-846-4383,Uber,5.0,ACTIVE,2015-09-27 00:00:00,2017-01-12 00:00:00
DRV000847,Đỗ Bình,+1-857-847-4891,MA-1000847,MA-847-4400,Uber,4.82,ACTIVE,2015-12-02 00:00:00,2016-08-13 00:00:00
DRV000848,Trần Lan,+1-857-848-4944,MA-1000848,MA-848-4417,Uber,4.54,ACTIVE,2018-05-14 00:00:00,2018-05-18 00:00:00
DRV000849,Trần Trang,+1-857-849-4997,MA-1000849,MA-849-4434,Uber,4.47,ACTIVE,2016-06-18 00:00:00,2017-04-20 00:00:00
DRV000850,Hồ Khánh,+1-857-850-5050,MA-1000850,MA-850-4451,Uber,4.5,ACTIVE,2018-03-28 00:00:00,2019-08-03 00:00:00
DRV000851,Đỗ Hương,+1-857-851-5103,MA-12,MA-851-4468,Uber,5.0,ACTIVE,2015-02-24 00:00:00,2015-02-26 00:00:00
DRV000852,Hồ Hải,+1-857-852-5156,MA-1000852,MA-852-4485,Uber,5.0,ACTIVE,2017-12-01 00:00:00,2018-08-10 00:00:00
DRV000853,Nguyễn Minh,+1-857-853-5209,MA-1000853,MA-853-4502,Uber,4.82,ACTIVE,2016-12-23 00:00:00,2018-06-01 00:00:00
DRV000854,Hồ Trang,+1-857-854-5262,MA-1000854,MA-854-4519,Uber,4.92,ACTIVE,2017-02-02 00:00:00,2017-03-22 00:00:00
DRV000855,Đặng Dũng,+1-857-855-5315,MA-1000855,MA-855-4536,Lyft,4.66,ACTIVE,2015-04-04 00:00:00,2015-09-03 00:00:00
DRV000856,Đặng Ngọc,+1-857-856-5368,MA-1000856,MA-856-4553,Uber,4.42,ACTIVE,2017-09-03 00:00:00,2018-07-22 00:00:00
DRV000857,Hoàng Hải,+1-857-857-5421,MA-1000857,MA-857-4570,Lyft,5.0,ACTIVE,2017-11-10 00:00:00,2018-01-01 00:00:00
DRV000858,Lê Hải,+1-857-858-5474,MA-1000858,MA-858-4587,Uber,4.55,ACTIVE,2015-12-11 00:00:00,2016-12-11 00:00:00
DRV000859,Đỗ Chi,+1-857-859-5527,MA-1000859,MA-859-4604,Uber,4.58,ACTIVE,2015-03-22 00:00:00,2015-04-07 00:00:00
DRV000860,Hồ Ngọc,+1-857-860-5580,MA-1000860,MA-860-4621,Lyft,4.74,ACTIVE,2017-04-14 00:00:00,2017-08-22 00:00:00
DRV000861,Vũ Tuấn,+1-857-861-5633,MA-1000861,MA-861-4638,Uber,4.88,ACTIVE,2015-08-07 00:00:00,2016-04-05 00:00:00
DRV000862,Nguyễn Linh,+1-857-862-5686,MA-1000862,MA-862-4655,Uber,4.78,ACTIVE,2016-02-01 00:00:00,2016-04-06 00:00:00
DRV000863,Vũ Tuấn,+1-857-863-5739,MA-1000863,MA-863-4672,Uber,5.0,ACTIVE,2015-12-22 00:00:00,2016-02-01 00:00:00
DRV000864,Nguyễn Ngọc,+1-857-864-5792,MA-1000864,MA-864-4689,Uber,4.75,ACTIVE,2017-08-31 00:00:00,2018-10-20 00:00:00
DRV000865,Phạm Nam,+1-857-865-5845,MA-1000865,MA-865-4706,Lyft,4.49,ACTIVE,2015-08-03 00:00:00,2016-07-08 00:00:00
DRV000866,Phạm Lan,+1-857-866-5898,MA-1000866,MA-866-4723,Uber,4.96,ACTIVE,2015-12-17 00:00:00,2017-01-27 00:00:00
DRV000867,Nguyễn Khánh,+1-857-867-5951,MA-1000867,MA-867-4740,Uber,4.53,ACTIVE,2017-06-10 00:00:00,2019-01-19 00:00:00
DRV000868,Đặng Linh,+1-857-868-6004,MA-1000868,MA-868-4757,Uber,4.55,ACTIVE,2017-07-24 00:00:00,2018-04-02 00:00:00
DRV000869,Đặng Hương,+1-857-869-6057,MA-1000869,MA-869-4774,Uber,4.74,ACTIVE,2015-10-21 00:00:00,2017-01-19 00:00:00
DRV000870,Đặng Chi,+1-857-870-6110,MA-1000870,MA-870-4791,Lyft,4.83,ACTIVE,2016-10-07 00:00:00,2017-09-19 00:00:00
DRV000871,Hồ Linh,+1-857-871-6163,MA-1000871,MA-871-4808,Uber,4.5,ACTIVE,2015-02-11 00:00:00,2016-04-28 00:00:00
DRV000872,Vũ Minh,+1-857-872-6216,MA-1000872,MA-872-4825,Lyft,4.64,ACTIVE,2018-08-30 00:00:00,2019-01-13 00:00:00
DRV000873,Trần Minh,+1-857-873-6269,MA-1000873,MA-873-4842,Uber,4.67,ACTIVE,2016-09-26 00:00:00,2017-03-13 00:00:00
DRV000874,Bùi Tuấn,+1-857-874-6322,MA-1000874,MA-874-4859,Uber,4.93,ACTIVE,2016-01-28 00:00:00,2017-06-16 00:00:00
DRV000875,Hoàng An,+1-857-875-6375,MA-1000875,MA-875-4876,Lyft,4.61,ACTIVE,2018-01-22 00:00:00,2018-12-09 00:00:00
DRV000876,Nguyễn Ngọc,+1-857-876-6428,MA-1000876,MA-876-4893,Lyft,4.79,ACTIVE,2017-04-27 00:00:00,2017-12-14 00:00:00
DRV000877,Đặng Quân,+1-857-877-6481,MA-1000877,MA-877-4910,Lyft,4.74,ACTIVE,2015-02-20 00:00:00,2016-10-02 00:00:00
DRV000878,Phạm Quân,+1-857-878-6534,MA-1000878,MA-878-4927,Uber,4.56,ACTIVE,2016-02-01 00:00:00,2017-07-24 00:00:00
DRV000879,Trần Lan,+1-857-879-6587,MA-1000879,MA-879-4944,Lyft,4.53,OFFLINE,2016-12-11 00:00:00,2017-08-09 00:00:00
DRV000880,Đỗ Hương,+1-857-880-6640,MA-1000880,MA-880-4961,Lyft,4.64,ACTIVE,2016-12-02 00:00:00,2018-02-22 00:00:00
DRV000881,Vũ Hải,+1-857-881-6693,MA-1000881,MA-881-4978,Uber,4.84,ACTIVE,2017-05-04 00:00:00,2018-09-23 00:00:00
DRV000882,Lê Hà,+1-857-882-6746,MA-1000882,MA-882-4995,Uber,4.72,ACTIVE,2016-03-02 00:00:00,2016-10-25 00:00:00
DRV000883,Hồ Quân,+1-857-883-6799,MA-1000883,MA-883-5012,Lyft,4.64,ACTIVE,2018-05-25 00:00:00,2019-07-20 00:00:00
DRV000884,Lê Tuấn,+1-857-884-6852,MA-1000884,MA-884-5029,Uber,4.75,ACTIVE,2018-01-02 00:00:00,2018-07-05 00:00:00
DRV000885,Lê Nam,+1-857-885-6905,MA-1000885,MA-885-5046,Lyft,4.62,ACTIVE,2016-10-04 00:00:00,2017-01-01 00:00:00
DRV000886,Lê Hải,+1-857-886-6958,MA-1000886,MA-886-5063,Lyft,4.57,ACTIVE,2016-05-15 00:00:00,2017-04-05 00:00:00
DRV000887,Hồ Chi,+1-857-887-7011,MA-1000887,MA-887-5080,Lyft,4.62,ACTIVE,2015-05-28 00:00:00,2015-08-02 00:00:00
DRV000888,Hoàng Chi,+1-857-888-7064,MA-1000888,MA-888-5097,Uber,4.81,ACTIVE,2015-08-01 00:00:00,2016-07-08 00:00:00
DRV000889,Vũ Hương,+1-857-889-7117,MA-1000889,MA-889-5114,Uber,4.68,ACTIVE,2017-05-01 00:00:00,2018-12-09 00:00:00
DRV000890,Nguyễn Lan,+1-857-890-7170,MA-1000890,MA-890-5131,Uber,4.77,ACTIVE,2016-09-30 00:00:00,2018-01-05 00:00:00
DRV000891,Trần Quân,+1-857-891-7223,MA-1000891,MA-891-5148,Lyft,4.84,ACTIVE,2017-02-03 00:00:00,2017-02-19 00:00:00
DRV000892,Lê Chi,+1-857-892-7276,MA-1000892,MA-892-5165,Uber,4.97,ACTIVE,2015-04-28 00:00:00,2015-10-23 00:00:00
DRV000893,Lê Tuấn,+1-857-893-7329,MA-1000893,MA-893-5182,Uber,4.73,ACTIVE,2017-07-22 00:00:00,2018-05-17 00:00:00
DRV000894,Phạm Hải,+1-857-894-7382,MA-1000894,MA-894-5199,Uber,4.85,ACTIVE,2017-07-01 00:00:00,2018-11-02 00:00:00
DRV000895,Bùi Quân,+1-857-895-7435,MA-1000895,MA-895-5216,Lyft,4.95,OFFLINE,2016-09-02 00:00:00,2017-11-12 00:00:00
DRV000896,Nguyễn Lan,+1-857-896-7488,MA-1000896,MA-896-5233,Lyft,4.7,OFFLINE,2017-10-04 00:00:00,2018-06-12 00:00:00
DRV000897,Hoàng Nam,+1-857-897-7541,MA-1000897,MA-897-5250,Lyft,4.88,ACTIVE,2015-05-06 00:00:00,2016-08-03 00:00:00
DRV000898,Vũ Ngọc,+1-857-898-7594,MA-1000898,MA-898-5267,Lyft,4.95,ACTIVE,2016-07-24 00:00:00,2016-12-21 00:00:00
DRV000899,Hoàng Trang,CALL-ME,###LICENSE###,MA-899-5284,Uber,4.98,SUSPENDED,2015-03-28 00:00:00,2015-07-02 00:00:00
DRV000900,Nguyễn Ngọc,+1-857-900-7700,MA-1000900,MA-900-5301,Uber,4.37,ACTIVE,2017-04-20 00:00:00,2017-11-26 00:00:00
DRV000901,Bùi Trang,+1-857-901-7753,MA-1000901,MA-901-5318,Uber,4.47,ACTIVE,2016-03-23 00:00:00,2017-07-03 00:00:00
DRV000902,Bùi Minh,+1-857-902-7806,MA-1000902,MA-902-5335,Lyft,4.43,ACTIVE,2017-02-20 00:00:00,2018-07-05 00:00:00
DRV000903,Bùi Bình,+1-857-903-7859,MA-1000903,MA-903-5352,Uber,4.67,ACTIVE,2016-12-12 00:00:00,2017-09-26 00:00:00
DRV000904,Trần An,+1-857-904-7912,MA-1000904,MA-904-5369,Uber,4.72,ACTIVE,2015-12-06 00:00:00,2015-12-09 00:00:00
DRV000905,Đỗ Tuấn,+1-857-905-7965,MA-1000905,MA-905-5386,Uber,4.81,ACTIVE,2017-01-18 00:00:00,2018-02-16 00:00:00
DRV000906,Bùi Minh,+1-857-906-8018,MA-1000906,MA-906-5403,Lyft,4.94,ACTIVE,2015-09-15 00:00:00,2015-12-16 00:00:00
DRV000907,Vũ Minh,+1-857-907-8071,MA-1000907,MA-907-5420,Lyft,4.85,OFFLINE,2018-04-11 00:00:00,2019-05-08 00:00:00
DRV000908,Đặng Quân,+1-857-908-8124,MA-1000908,MA-908-5437,Uber,4.54,ACTIVE,2018-04-27 00:00:00,2019-03-08 00:00:00
DRV000909,Nguyễn Giang,+1-857-909-8177,MA-1000909,MA-909-5454,Uber,4.36,ACTIVE,2016-05-12 00:00:00,2017-01-01 00:00:00
DRV000910,Hoàng Quân,+1-857-910-8230,MA-1000910,MA-910-5471,Uber,4.65,ACTIVE,2017-06-04 00:00:00,2017-08-28 00:00:00
DRV000911,Bùi Bình,+1-857-911-8283,MA-1000911,MA-911-5488,Uber,4.59,ACTIVE,2016-08-24 00:00:00,2017-06-02 00:00:00
DRV000912,Trần Dũng,+1-857-912-8336,MA-1000912,MA-912-5505,Uber,4.87,ACTIVE,2018-09-10 00:00:00,2019-11-10 00:00:00
DRV000913,Lê Bình,+1-857-913-8389,MA-1000913,MA-913-5522,Uber,4.86,ACTIVE,2016-11-03 00:00:00,2017-09-05 00:00:00
DRV000914,Lê Phương,+1-857-914-8442,MA-1000914,MA-914-5539,Lyft,4.54,ACTIVE,2016-11-05 00:00:00,2017-02-17 00:00:00
DRV000915,Vũ Giang,+1-857-915-8495,MA-1000915,MA-915-5556,Lyft,4.82,OFFLINE,2016-08-25 00:00:00,2017-01-21 00:00:00
DRV000916,Nguyễn Quân,,MA-1000916,MA-916-5573,Lyft,4.73,ACTIVE,2018-08-18 00:00:00,2020-02-16 00:00:00
DRV000917,Trần Dũng,+1-857-917-8601,MA-1000917,MA-917-5590,Uber,4.74,ACTIVE,2015-02-09 00:00:00,2016-06-20 00:00:00
DRV000918,Bùi An,+1-857-918-8654,MA-1000918,MA-918-5607,Uber,4.52,ACTIVE,2015-06-25 00:00:00,2016-08-03 00:00:00
DRV000919,Đặng Hà,+1-857-919-8707,MA-1000919,MA-919-5624,Lyft,4.61,ACTIVE,2018-04-09 00:00:00,2019-03-20 00:00:00
DRV000920,Phạm Phương,+1-857-920-8760,MA-1000920,MA-920-5641,Lyft,4.81,ACTIVE,2016-04-29 00:00:00,2017-07-11 00:00:00
DRV000921,Nguyễn Lan,+1-857-921-8813,MA-1000921,MA-921-5658,Uber,4.67,ACTIVE,2016-12-19 00:00:00,2018-08-04 00:00:00
DRV000922,Đặng Lan,+1-857-922-8866,MA-1000922,MA-922-5675,Lyft,4.95,ACTIVE,2017-10-02 00:00:00,2018-04-19 00:00:00
DRV000923,Bùi Nam,+1-857-923-8919,MA-1000923,MA-923-5692,Lyft,5.0,OFFLINE,2016-05-20 00:00:00,2016-11-11 00:00:00
DRV000924,Lê Dũng,+1-857-924-8972,MA-12,MA-924-5709,Lyft,4.74,ACTIVE,2017-05-17 00:00:00,2018-11-29 00:00:00
DRV000925,Hoàng Trang,+1-857-925-9025,MA-1000925,MA-925-5726,Lyft,4.95,ACTIVE,2016-07-16 00:00:00,2016-07-17 00:00:00
DRV000926,Đỗ Dũng,+1-857-926-9078,MA-1000926,MA-926-5743,Lyft,4.69,ACTIVE,2016-12-12 00:00:00,2018-05-23 00:00:00
DRV000927,Hồ An,+1-857-927-9131,MA-1000927,MA-927-5760,Uber,4.82,ACTIVE,2018-09-21 00:00:00,2019-07-02 00:00:00
DRV000928,Vũ Nam,+1-857-928-9184,MA-1000928,MA-928-5777,Uber,4.52,ACTIVE,2017-11-13 00:00:00,2018-11-25 00:00:00
DRV000929,Trần Ngọc,+1-857-929-9237,MA-1000929,MA-929-5794,Lyft,4.65,SUSPENDED,2016-03-01 00:00:00,2016-11-15 00:00:00
DRV000930,Vũ Hải,+1-857-930-9290,MA-1000930,MA-930-5811,Lyft,4.84,ACTIVE,2018-02-23 00:00:00,2019-03-13 00:00:00
DRV000931,Phạm Phương,+1-857-931-9343,MA-1000931,MA-931-5828,Uber,5.0,ACTIVE,2015-04-26 00:00:00,2016-10-04 00:00:00
DRV000932,Đỗ Phương,+1-857-932-9396,MA-1000932,MA-932-5845,Uber,4.5,ACTIVE,2015-08-18 00:00:00,2016-09-27 00:00:00
DRV000933,Hoàng Ngọc,+1-857-933-9449,MA-1000933,MA-933-5862,Lyft,4.71,ACTIVE,2015-07-14 00:00:00,2016-09-22 00:00:00
DRV000934,Hồ An,+1-857-934-9502,MA-1000934,MA-934-5879,Uber,4.55,ACTIVE,2017-07-23 00:00:00,2017-11-05 00:00:00
DRV000935,Lê Hà,+1-857-935-9555,MA-1000935,MA-935-5896,Uber,4.54,ACTIVE,2015-07-22 00:00:00,2016-09-30 00:00:00
DRV000936,Hoàng Nam,+1-857-936-9608,MA-1000936,MA-936-5913,Lyft,4.66,ACTIVE,2015-09-06 00:00:00,2016-08-26 00:00:00
DRV000937,Vũ An,+1-857-937-9661,MA-1000937,MA-937-5930,Uber,4.77,ACTIVE,2016-11-11 00:00:00,2016-11-24 00:00:00
DRV000938,Đặng Bình,+1-857-938-9714,MA-1000938,MA-938-5947,Lyft,4.83,ACTIVE,2017-09-01 00:00:00,2018-03-07 00:00:00
DRV000939,Vũ Trang,+1-857-939-9767,MA-1000939,MA-939-5964,Lyft,4.71,ACTIVE,2017-07-21 00:00:00,2018-04-08 00:00:00
DRV000940,Lê Ngọc,+1-857-940-9820,MA-1000940,MA-940-5981,Uber,4.83,ACTIVE,2017-05-01 00:00:00,2017-12-31 00:00:00
DRV000941,Hoàng Phương,+1-857-941-9873,MA-1000941,MA-941-5998,Uber,4.65,ACTIVE,2017-06-29 00:00:00,2018-03-30 00:00:00
DRV000942,Trần Lan,+1-857-942-9926,MA-1000942,MA-942-6015,Lyft,5.0,OFFLINE,2015-12-21 00:00:00,2017-06-06 00:00:00
DRV000943,Đặng Bình,+1-857-943-9979,MA-1000943,MA-943-6032,Lyft,4.79,ACTIVE,2018-03-17 00:00:00,2018-10-10 00:00:00
DRV000944,Đỗ Khánh,+1-857-944-0032,MA-1000944,MA-944-6049,Uber,4.68,ACTIVE,2015-11-19 00:00:00,2016-09-23 00:00:00
DRV000945,Bùi Hà,+1-857-945-0085,MA-1000945,MA-945-6066,Uber,4.91,ACTIVE,2018-09-06 00:00:00,2019-10-05 00:00:00
DRV000946,Bùi Chi,+1-857-946-0138,MA-1000946,MA-946-6083,Lyft,4.65,OFFLINE,2017-01-23 00:00:00,2018-04-09 00:00:00
DRV000947,Trần Chi,+1-857-947-0191,MA-1000947,MA-947-6100,Lyft,4.45,ACTIVE,2016-12-25 00:00:00,2018-03-31 00:00:00
DRV000948,Vũ Trang,+1-857-948-0244,MA-1000948,MA-948-6117,Uber,4.53,ACTIVE,2016-09-14 00:00:00,2016-11-29 00:00:00
DRV000949,Vũ Linh,+1-857-949-0297,MA-1000949,MA-949-6134,Uber,4.43,ACTIVE,2016-03-18 00:00:00,2017-01-12 00:00:00
DRV000950,Lê Hương,+1-857-950-0350,MA-1000950,MA-950-6151,Lyft,4.71,ACTIVE,2015-06-21 00:00:00,2015-10-09 00:00:00
DRV000951,Hồ Trang,+1-857-951-0403,MA-1000951,MA-951-6168,Lyft,4.79,ACTIVE,2016-08-02 00:00:00,2017-01-27 00:00:00
DRV000952,Phạm An,+1-857-952-0456,MA-1000952,MA-952-6185,Lyft,4.99,OFFLINE,2018-07-14 00:00:00,2019-10-04 00:00:00
DRV000953,Hồ Chi,+1-857-953-0509,MA-1000953,MA-953-6202,Uber,4.7,ACTIVE,2016-01-15 00:00:00,2016-05-21 00:00:00
DRV000954,Nguyễn Lan,+1-857-954-0562,MA-1000954,MA-954-6219,Uber,4.46,ACTIVE,2018-08-23 00:00:00,2019-04-15 00:00:00
DRV000955,Lê Khánh,+1-857-955-0615,MA-1000955,MA-955-6236,Lyft,5.0,OFFLINE,2018-06-27 00:00:00,2019-03-27 00:00:00
DRV000956,Lê Lan,+1-857-956-0668,MA-1000956,MA-956-6253,Lyft,4.91,ACTIVE,2018-05-01 00:00:00,2019-05-12 00:00:00
DRV000957,Vũ Hương,+1-857-957-0721,MA-1000957,MA-957-6270,Lyft,4.65,ACTIVE,2016-11-26 00:00:00,2017-06-14 00:00:00
DRV000958,Lê Lan,+1-857-958-0774,MA-1000958,MA-958-6287,Lyft,4.73,OFFLINE,2015-04-30 00:00:00,2016-11-25 00:00:00
DRV000959,Đặng Linh,+1-857-959-0827,MA-1000959,MA-959-6304,Uber,4.47,ACTIVE,2015-08-25 00:00:00,2016-12-25 00:00:00
DRV000960,Hồ Phương,+1-857-960-0880,MA-1000960,MA-960-6321,Uber,5.0,ACTIVE,2016-04-25 00:00:00,2017-02-25 00:00:00
DRV000961,Vũ Hương,+1-857-961-0933,MA-1000961,MA-961-6338,Lyft,4.28,ACTIVE,2015-09-08 00:00:00,2017-04-15 00:00:00
DRV000962,Đỗ Chi,CALL-ME,MA-1000962,MA-962-6355,Uber,4.98,ACTIVE,2018-06-20 00:00:00,2018-09-06 00:00:00
DRV000963,Nguyễn Ngọc,+1-857-963-1039,MA-1000963,MA-963-6372,Lyft,4.59,ACTIVE,2017-08-22 00:00:00,2017-11-29 00:00:00
DRV000964,Bùi An,+1-857-964-1092,MA-1000964,MA-964-6389,Lyft,4.64,ACTIVE,2017-10-21 00:00:00,2018-10-28 00:00:00
DRV000965,Lê Hải,+1-857-965-1145,MA-1000965,MA-965-6406,Lyft,4.34,ACTIVE,2016-12-05 00:00:00,2017-12-10 00:00:00
DRV000966,Nguyễn Hà,+1-857-966-1198,MA-1000966,MA-966-6423,Lyft,4.76,ACTIVE,2015-05-08 00:00:00,2016-03-11 00:00:00
DRV000967,Đỗ Bình,+1-857-967-1251,MA-1000967,MA-967-6440,Uber,5.0,ACTIVE,2016-09-20 00:00:00,2017-04-30 00:00:00
DRV000968,Nguyễn An,+1-857-968-1304,MA-1000968,MA-968-6457,Uber,4.62,ACTIVE,2015-11-06 00:00:00,2016-12-25 00:00:00
DRV000969,Vũ Chi,+1-857-969-1357,MA-1000969,MA-969-6474,Lyft,4.51,ACTIVE,2016-12-04 00:00:00,2017-05-10 00:00:00
DRV000970,Hoàng Hương,+1-857-970-1410,MA-1000970,MA-970-6491,Uber,4.74,OFFLINE,2018-07-22 00:00:00,2019-06-23 00:00:00
DRV000971,Đỗ Bình,+1-857-971-1463,MA-1000971,MA-971-6508,Uber,4.89,ACTIVE,2018-02-24 00:00:00,2019-04-21 00:00:00
DRV000972,Trần Tuấn,+1-857-972-1516,MA-1000972,MA-972-6525,Lyft,4.84,ACTIVE,2016-12-15 00:00:00,2018-01-08 00:00:00
DRV000973,Đỗ Khánh,+1-857-973-1569,MA-1000973,MA-973-6542,Uber,4.45,ACTIVE,2016-08-16 00:00:00,2018-04-01 00:00:00
DRV000974,Bùi An,+1-857-974-1622,MA-1000974,MA-974-6559,Lyft,4.84,ACTIVE,2016-04-02 00:00:00,2017-02-09 00:00:00
DRV000975,Bùi Linh,+1-857-975-1675,MA-1000975,MA-975-6576,Lyft,4.88,ACTIVE,2018-07-01 00:00:00,2018-10-18 00:00:00
DRV000976,Đặng Hải,+1-857-976-1728,MA-1000976,MA-976-6593,Uber,4.72,OFFLINE,2016-03-05 00:00:00,2017-10-19 00:00:00
DRV000977,Nguyễn Linh,+1-857-977-1781,MA-1000977,MA-977-6610,Uber,4.88,ACTIVE,2017-01-23 00:00:00,2018-07-01 00:00:00
DRV000978,Bùi Bình,+1-857-978-1834,MA-1000978,MA-978-6627,Uber,4.92,ACTIVE,2017-07-17 00:00:00,2018-05-15 00:00:00
DRV000979,Trần Tuấn,+1-857-979-1887,MA-1000979,MA-979-6644,Uber,4.6,ACTIVE,2015-05-17 00:00:00,2016-04-04 00:00:00
DRV000980,Trần An,+1-857-980-1940,MA-1000980,MA-980-6661,Uber,4.54,ACTIVE,2018-04-12 00:00:00,2019-11-23 00:00:00
DRV000981,Đỗ An,+1-857-981-1993,MA-1000981,MA-981-6678,Lyft,4.89,ACTIVE,2018-08-29 00:00:00,2019-12-16 00:00:00
DRV000982,Bùi Bình,+1-857-982-2046,MA-1000982,MA-982-6695,Uber,4.77,OFFLINE,2017-03-22 00:00:00,2018-11-10 00:00:00
DRV000983,Vũ Linh,+1-857-983-2099,MA-1000983,MA-983-6712,Uber,4.62,ACTIVE,2018-01-19 00:00:00,2019-05-28 00:00:00
DRV000984,Vũ Minh,+1-857-984-2152,MA-1000984,MA-984-6729,Lyft,4.71,ACTIVE,2017-04-26 00:00:00,2018-01-06 00:00:00
DRV000985,Hoàng Minh,+1-857-985-2205,MA-1000985,MA-985-6746,Uber,4.65,OFFLINE,2016-08-15 00:00:00,2017-11-07 00:00:00
DRV000986,Lê Hương,+1-857-986-2258,MA-1000986,MA-986-6763,Uber,4.58,ACTIVE,2016-09-28 00:00:00,2016-11-16 00:00:00
DRV000987,Hồ Minh,+1-857-987-2311,MA-1000987,MA-987-6780,Uber,4.58,OFFLINE,2017-05-14 00:00:00,2018-08-24 00:00:00
DRV000988,Phạm Hương,+1-857-988-2364,MA-1000988,MA-988-6797,Uber,4.78,ACTIVE,2015-12-11 00:00:00,2017-02-09 00:00:00
DRV000989,Nguyễn Giang,+1-857-989-2417,MA-1000989,MA-989-6814,Uber,4.37,ACTIVE,2018-01-24 00:00:00,2018-04-16 00:00:00
DRV000990,Đỗ Phương,+1-857-990-2470,MA-1000990,MA-990-6831,Lyft,4.75,ACTIVE,2016-07-17 00:00:00,2017-05-21 00:00:00
DRV000991,Đặng Trang,+1-857-991-2523,MA-1000991,MA-991-6848,Lyft,4.6,OFFLINE,2017-12-20 00:00:00,2019-03-10 00:00:00
DRV000992,Đặng Dũng,+1-857-992-2576,MA-1000992,MA-992-6865,Lyft,4.64,OFFLINE,2018-03-21 00:00:00,2018-11-11 00:00:00
DRV000993,Nguyễn Linh,+1-857-993-2629,MA-1000993,MA-993-6882,Lyft,4.49,ACTIVE,2018-02-06 00:00:00,2018-12-22 00:00:00
DRV000994,Hồ Dũng,+1-857-994-2682,MA-1000994,MA-994-6899,Lyft,4.51,OFFLINE,2016-06-09 00:00:00,2017-04-03 00:00:00
DRV000995,Hoàng Quân,+1-857-995-2735,MA-1000995,MA-995-6916,Uber,4.84,ACTIVE,2017-10-10 00:00:00,2018-01-05 00:00:00
DRV000996,Bùi Lan,+1-857-996-2788,MA-1000996,MA-996-6933,Uber,4.75,ACTIVE,2015-01-27 00:00:00,2016-07-08 00:00:00
DRV000997,Phạm Phương,+1-857-997-2841,MA-1000997,MA-997-6950,Uber,4.8,ACTIVE,2016-05-15 00:00:00,2016-10-14 00:00:00
DRV000998,Phạm Giang,+1-857-998-2894,MA-1000998,MA-998-6967,Uber,4.51,ACTIVE,2017-03-22 00:00:00,2018-04-29 00:00:00
DRV000999,Trần Hải,+1-857-999-2947,MA-1000999,MA-000-6984,Uber,4.73,ACTIVE,2017-07-03 00:00:00,2018-07-05 00:00:00
DRV001000,Hoàng Bình,+1-857-000-3000,MA-1001000,MA-001-7001,Uber,4.61,ACTIVE,2018-01-11 00:00:00,2018-12-10 00:00:00
DRV001001,Phạm Trang,+1-857-001-3053,MA-1001001,MA-002-7018,Uber,4.89,ACTIVE,2016-08-15 00:00:00,2018-03-22 00:00:00
DRV001002,Hoàng Linh,+1-857-002-3106,MA-1001002,MA-003-7035,Lyft,4.73,ACTIVE,2016-04-07 00:00:00,2016-05-21 00:00:00
DRV001003,Bùi Lan,+1-857-003-3159,MA-1001003,MA-004-7052,Lyft,4.78,ACTIVE,2018-05-18 00:00:00,2018-09-24 00:00:00
DRV001004,Hoàng Phương,+1-857-004-3212,MA-1001004,MA-005-7069,Lyft,4.54,ACTIVE,2016-04-24 00:00:00,2017-11-05 00:00:00
DRV001005,Bùi Nam,+1-857-005-3265,INVALID,MA-006-7086,Lyft,4.37,ACTIVE,2017-11-19 00:00:00,2018-10-05 00:00:00
DRV001006,Hoàng Tuấn,+1-857-006-3318,MA-1001006,MA-007-7103,Lyft,4.55,ACTIVE,2018-04-22 00:00:00,2018-07-24 00:00:00
DRV001007,Đặng Bình,+1-857-007-3371,MA-1001007,MA-008-7120,Uber,4.55,ACTIVE,2017-06-13 00:00:00,2017-09-13 00:00:00
DRV001008,Đặng Trang,+1-857-008-3424,MA-1001008,MA-009-7137,Uber,4.74,ACTIVE,2018-09-08 00:00:00,2020-02-25 00:00:00
DRV001009,Hoàng Quân,+1-857-009-3477,MA-1001009,MA-010-7154,Uber,4.49,ACTIVE,2016-05-06 00:00:00,2017-03-14 00:00:00
DRV001010,Đặng Tuấn,+1-857-010-3530,MA-1001010,MA-011-7171,Uber,4.63,ACTIVE,2016-06-01 00:00:00,2017-06-05 00:00:00
DRV001011,Trần Chi,+1-857-011-3583,MA-1001011,MA-012-7188,Uber,4.63,ACTIVE,2017-05-05 00:00:00,2017-12-02 00:00:00
DRV001012,Hồ Dũng,+1-857-012-3636,MA-1001012,MA-013-7205,Uber,5.0,ACTIVE,2017-08-11 00:00:00,2018-07-24 00:00:00
DRV001013,Nguyễn Chi,+1-857-013-3689,MA-1001013,MA-014-7222,Uber,4.76,ACTIVE,2017-07-20 00:00:00,2018-09-15 00:00:00
DRV001014,Phạm An,+1-857-014-3742,MA-1001014,MA-015-7239,Lyft,4.94,ACTIVE,2015-09-23 00:00:00,2015-09-27 00:00:00
DRV001015,Lê Hương,+1-857-015-3795,MA-1001015,MA-016-7256,Uber,4.81,ACTIVE,2015-11-21 00:00:00,2015-12-11 00:00:00
DRV001016,Phạm Lan,+1-857-016-3848,MA-1001016,MA-017-7273,Uber,4.74,ACTIVE,2016-10-30 00:00:00,2017-05-05 00:00:00
DRV001017,Đặng Linh,+1-857-017-3901,MA-1001017,MA-018-7290,Lyft,4.55,ACTIVE,2018-04-12 00:00:00,2018-05-23 00:00:00
DRV001018,Lê Linh,+1-857-018-3954,MA-1001018,MA-019-7307,Lyft,4.7,OFFLINE,2017-08-22 00:00:00,2018-12-21 00:00:00
DRV001019,Phạm Trang,+1-857-019-4007,MA-1001019,MA-020-7324,Uber,4.68,ACTIVE,2017-12-22 00:00:00,2017-12-27 00:00:00
DRV001020,Trần Quân,+1-857-020-4060,MA-1001020,MA-021-7341,Uber,4.74,SUSPENDED,2016-08-31 00:00:00,2016-09-10 00:00:00
DRV001021,Nguyễn Phương,+1-857-021-4113,MA-1001021,MA-022-7358,Lyft,4.53,OFFLINE,2016-09-07 00:00:00,2017-07-04 00:00:00
DRV001022,Phạm Lan,+1-857-022-4166,MA-1001022,MA-023-7375,Uber,4.42,ACTIVE,2017-01-09 00:00:00,2017-02-23 00:00:00
DRV001023,Nguyễn Bình,+1-857-023-4219,MA-1001023,MA-024-7392,Uber,4.83,ACTIVE,2015-05-14 00:00:00,2016-02-08 00:00:00
DRV001024,Lê Tuấn,+1-857-024-4272,MA-1001024,MA-025-7409,Lyft,4.7,ACTIVE,2016-11-22 00:00:00,2018-04-07 00:00:00
DRV001025,Đỗ Trang,+1-857-025-4325,MA-1001025,MA-026-7426,Lyft,4.47,ACTIVE,2017-09-25 00:00:00,2018-05-12 00:00:00
DRV001026,Phạm Chi,+1-857-026-4378,MA-1001026,MA-027-7443,Uber,4.61,ACTIVE,2016-08-26 00:00:00,2017-01-23 00:00:00
DRV001027,Lê Phương,+1-857-027-4431,MA-1001027,MA-028-7460,Uber,4.77,ACTIVE,2018-07-22 00:00:00,2019-10-07 00:00:00
DRV001028,Hồ Nam,+1-857-028-4484,MA-1001028,MA-029-7477,Uber,4.71,ACTIVE,2016-04-24 00:00:00,2016-11-15 00:00:00
DRV001029,Hồ Linh,+1-857-029-4537,MA-1001029,MA-030-7494,Lyft,4.51,ACTIVE,2015-05-18 00:00:00,2016-10-23 00:00:00
DRV001030,Phạm Tuấn,+1-857-030-4590,MA-1001030,MA-031-7511,Uber,4.99,ACTIVE,2017-05-25 00:00:00,2018-10-22 00:00:00
DRV001031,Đỗ An,+1-857-031-4643,MA-1001031,MA-032-7528,Lyft,5.0,ACTIVE,2016-01-16 00:00:00,2017-06-06 00:00:00
DRV001032,Nguyễn Chi,+1-857-032-4696,MA-1001032,MA-033-7545,Uber,4.77,ACTIVE,2017-05-08 00:00:00,2017-11-16 00:00:00
DRV001033,Phạm Lan,+1-857-033-4749,MA-1001033,MA-034-7562,Lyft,4.72,ACTIVE,2017-01-08 00:00:00,2017-12-19 00:00:00
DRV001034,Hồ Giang,+1-857-034-4802,###LICENSE###,MA-035-7579,Uber,4.65,OFFLINE,2015-09-13 00:00:00,2015-12-06 00:00:00
DRV001035,Lê Bình,+1-857-035-4855,MA-1001035,MA-036-7596,Lyft,4.75,ACTIVE,2017-06-04 00:00:00,2017-06-19 00:00:00
DRV001036,Hồ Hà,+1-857-036-4908,MA-1001036,MA-037-7613,Lyft,4.61,ACTIVE,2016-06-24 00:00:00,2017-02-13 00:00:00
DRV001037,Trần Phương,+1-857-037-4961,MA-1001037,MA-038-7630,Uber,4.41,ACTIVE,2018-04-23 00:00:00,2018-11-04 00:00:00
DRV001038,Hồ Minh,+1-857-038-5014,MA-1001038,MA-039-7647,Uber,4.26,ACTIVE,2016-12-27 00:00:00,2018-01-02 00:00:00
DRV001039,Nguyễn Quân,+1-857-039-5067,MA-1001039,MA-040-7664,Lyft,4.36,ACTIVE,2017-10-15 00:00:00,2018-11-20 00:00:00
DRV001040,Trần Phương,+1-857-040-5120,MA-1001040,MA-041-7681,Lyft,4.6,ACTIVE,2015-03-23 00:00:00,2015-08-27 00:00:00
DRV001041,Đặng Nam,+1-857-041-5173,MA-1001041,MA-042-7698,Lyft,4.71,ACTIVE,2017-11-28 00:00:00,2018-12-08 00:00:00
DRV001042,Phạm Chi,+1-857-042-5226,MA-1001042,MA-043-7715,Uber,4.73,ACTIVE,2016-02-01 00:00:00,2016-10-10 00:00:00
DRV001043,Hoàng Ngọc,+1-857-043-5279,MA-1001043,MA-044-7732,Lyft,4.83,ACTIVE,2017-06-20 00:00:00,2017-08-29 00:00:00
DRV001044,Bùi Hà,+1-857-044-5332,MA-1001044,MA-045-7749,Lyft,4.73,ACTIVE,2017-02-16 00:00:00,2017-08-30 00:00:00
DRV001045,Bùi Hà,+1-857-045-5385,MA-1001045,MA-046-7766,Uber,4.62,ACTIVE,2017-04-27 00:00:00,2017-11-10 00:00:00
DRV001046,Phạm Tuấn,+1-857-046-5438,MA-1001046,MA-047-7783,Lyft,4.69,OFFLINE,2015-07-21 00:00:00,2016-07-09 00:00:00
DRV001047,Đỗ Tuấn,+1-857-047-5491,MA-1001047,MA-048-7800,Uber,4.66,ACTIVE,2015-07-02 00:00:00,2016-12-24 00:00:00
DRV001048,Đặng Tuấn,+1-857-048-5544,MA-1001048,MA-049-7817,Uber,4.57,ACTIVE,2015-07-19 00:00:00,2016-09-13 00:00:00
DRV001049,Hồ Hải,+1-857-049-5597,MA-1001049,MA-050-7834,Lyft,4.66,ACTIVE,2017-07-16 00:00:00,2018-01-17 00:00:00
DRV001050,Trần Tuấn,+1-857-050-5650,MA-1001050,MA-051-7851,Uber,4.54,ACTIVE,2016-03-26 00:00:00,2017-05-11 00:00:00
DRV001051,Trần Trang,+1-857-051-5703,MA-1001051,MA-052-7868,Lyft,4.79,ACTIVE,2018-05-08 00:00:00,2019-09-09 00:00:00
DRV001052,Bùi Hà,+1-857-052-5756,MA-1001052,MA-053-7885,Lyft,4.61,OFFLINE,2017-06-25 00:00:00,2018-01-27 00:00:00
DRV001053,Lê Chi,+1-857-053-5809,MA-1001053,MA-054-7902,Lyft,4.51,ACTIVE,2015-08-07 00:00:00,2016-05-17 00:00:00
DRV001054,Lê Ngọc,+1-857-054-5862,MA-1001054,MA-055-7919,Lyft,4.76,ACTIVE,2015-07-03 00:00:00,2016-11-13 00:00:00
DRV001055,Hồ Trang,+1-857-055-5915,MA-1001055,MA-056-7936,Uber,4.67,OFFLINE,2015-11-14 00:00:00,2016-12-28 00:00:00
DRV001056,Phạm Khánh,+1-857-056-5968,MA-1001056,MA-057-7953,Uber,4.53,ACTIVE,2016-05-23 00:00:00,2017-11-21 00:00:00
DRV001057,Trần An,+1-857-057-6021,MA-1001057,MA-058-7970,Uber,4.91,OFFLINE,2015-10-11 00:00:00,2016-08-01 00:00:00
DRV001058,Hồ Hương,+1-857-058-6074,MA-1001058,MA-059-7987,Uber,4.57,ACTIVE,2016-05-18 00:00:00,2017-01-02 00:00:00
DRV001059,Nguyễn Ngọc,+1-857-059-6127,MA-1001059,MA-060-8004,Uber,4.71,ACTIVE,2016-08-30 00:00:00,2017-01-10 00:00:00
DRV001060,Nguyễn Chi,+1-857-060-6180,MA-1001060,MA-061-8021,Lyft,4.7,ACTIVE,2016-07-18 00:00:00,2017-01-04 00:00:00
DRV001061,Hồ Bình,+1-857-061-6233,MA-1001061,MA-062-8038,Lyft,4.89,ACTIVE,2015-06-22 00:00:00,2015-08-17 00:00:00
DRV001062,Nguyễn Lan,+1-857-062-6286,MA-1001062,MA-063-8055,Lyft,4.5,OFFLINE,2017-08-19 00:00:00,2017-09-03 00:00:00
DRV001063,Đỗ Quân,+1-857-063-6339,MA-1001063,MA-064-8072,Uber,4.72,ACTIVE,2017-06-25 00:00:00,2018-01-10 00:00:00
DRV001064,Đặng Lan,+1-857-064-6392,MA-1001064,MA-065-8089,Uber,4.78,ACTIVE,2015-01-31 00:00:00,2015-12-12 00:00:00
DRV001065,Phạm Phương,+1-857-065-6445,MA-1001065,MA-066-8106,Uber,4.79,ACTIVE,2018-05-26 00:00:00,2019-04-05 00:00:00
DRV001066,Hoàng Hà,+1-857-066-6498,MA-1001066,MA-067-8123,Lyft,4.35,ACTIVE,2017-09-04 00:00:00,2018-04-12 00:00:00
DRV001067,Bùi Khánh,+1-857-067-6551,MA-1001067,MA-068-8140,Lyft,4.64,ACTIVE,2017-01-26 00:00:00,2017-02-28 00:00:00
DRV001068,Vũ Dũng,+1-857-068-6604,MA-1001068,MA-069-8157,Lyft,4.77,ACTIVE,2018-02-26 00:00:00,2018-03-17 00:00:00
DRV001069,Nguyễn Hà,+1-857-069-6657,MA-1001069,MA-070-8174,Lyft,4.25,ACTIVE,2016-05-03 00:00:00,2016-12-17 00:00:00
DRV001070,Bùi Nam,+1-857-070-6710,MA-1001070,MA-071-8191,Lyft,4.82,ACTIVE,2017-12-22 00:00:00,2019-01-22 00:00:00
DRV001071,Phạm Hà,+1-857-071-6763,MA-1001071,MA-072-8208,Uber,4.6,ACTIVE,2016-11-04 00:00:00,2017-11-23 00:00:00
DRV001072,Vũ Giang,+1-857-072-6816,MA-1001072,MA-073-8225,Uber,4.47,ACTIVE,2015-09-18 00:00:00,2016-02-09 00:00:00
DRV001073,Đỗ Trang,+1-857-073-6869,MA-1001073,MA-074-8242,Uber,5.0,ACTIVE,2017-06-14 00:00:00,2018-02-11 00:00:00
DRV001074,Phạm Trang,+1-857-074-6922,MA-1001074,MA-075-8259,Lyft,4.86,ACTIVE,2017-04-13 00:00:00,2018-03-07 00:00:00
DRV001075,Lê Nam,+1-857-075-6975,MA-1001075,MA-076-8276,Lyft,4.94,ACTIVE,2018-03-02 00:00:00,2018-11-02 00:00:00
DRV001076,Lê Dũng,+1-857-076-7028,MA-1001076,MA-077-8293,Uber,4.88,OFFLINE,2015-09-05 00:00:00,2017-01-21 00:00:00
DRV001077,Hồ Linh,+1-857-077-7081,MA-1001077,MA-078-8310,Uber,5.0,ACTIVE,2016-12-05 00:00:00,2017-08-01 00:00:00
DRV001078,Đặng Lan,+1-857-078-7134,MA-1001078,MA-079-8327,Lyft,4.78,ACTIVE,2018-02-21 00:00:00,2019-01-12 00:00:00
DRV001079,Hoàng Hải,+1-857-079-7187,MA-1001079,MA-080-8344,Uber,4.47,ACTIVE,2018-09-22 00:00:00,2020-02-11 00:00:00
DRV001080,Hoàng Minh,+1-857-080-7240,MA-1001080,MA-081-8361,Lyft,4.88,ACTIVE,2016-07-08 00:00:00,2016-07-15 00:00:00
DRV001081,Lê Linh,+1-857-081-7293,MA-1001081,MA-082-8378,Uber,4.76,ACTIVE,2015-04-19 00:00:00,2016-05-02 00:00:00
DRV001082,Nguyễn Tuấn,+1-857-082-7346,MA-1001082,MA-083-8395,Uber,4.51,ACTIVE,2018-04-19 00:00:00,2018-05-01 00:00:00
DRV001083,Lê Ngọc,+1-857-083-7399,MA-1001083,MA-084-8412,Lyft,4.49,ACTIVE,2016-01-22 00:00:00,2016-06-06 00:00:00
DRV001084,Lê Linh,+1-857-084-7452,MA-1001084,MA-085-8429,Lyft,4.4,ACTIVE,2016-09-20 00:00:00,2018-03-01 00:00:00
DRV001085,Trần Tuấn,+1-857-085-7505,MA-1001085,MA-086-8446,Uber,4.92,ACTIVE,2017-12-30 00:00:00,2018-12-05 00:00:00
DRV001086,Lê Trang,+1-857-086-7558,MA-1001086,MA-087-8463,Lyft,4.77,ACTIVE,2015-06-05 00:00:00,2016-09-22 00:00:00
DRV001087,Hồ Hải,+1-857-087-7611,MA-1001087,MA-088-8480,Uber,4.74,ACTIVE,2017-08-08 00:00:00,2017-08-13 00:00:00
DRV001088,Đặng Chi,+1-857-088-7664,MA-1001088,MA-089-8497,Lyft,4.81,ACTIVE,2016-05-29 00:00:00,2016-05-31 00:00:00
DRV001089,Hoàng Linh,+1-857-089-7717,MA-1001089,MA-090-8514,Lyft,4.87,ACTIVE,2016-10-03 00:00:00,2017-03-07 00:00:00
DRV001090,Nguyễn Ngọc,+1-857-090-7770,MA-1001090,MA-091-8531,Lyft,4.64,ACTIVE,2016-07-26 00:00:00,2016-10-17 00:00:00
DRV001091,Hồ Hải,+1-857-091-7823,MA-1001091,MA-092-8548,Uber,4.61,ACTIVE,2016-06-18 00:00:00,2017-05-23 00:00:00
DRV001092,Đặng Linh,+1-857-092-7876,MA-1001092,MA-093-8565,Lyft,4.85,ACTIVE,2018-03-08 00:00:00,2019-01-15 00:00:00
DRV001093,Phạm Ngọc,+1-857-093-7929,MA-1001093,MA-094-8582,Uber,4.62,ACTIVE,2015-04-15 00:00:00,2016-08-30 00:00:00
DRV001094,Vũ Nam,+1-857-094-7982,MA-1001094,MA-095-8599,Uber,5.0,ACTIVE,2017-04-23 00:00:00,2017-08-30 00:00:00
DRV001095,Lê Hà,+1-857-095-8035,MA-1001095,MA-096-8616,Lyft,4.78,ACTIVE,2015-11-14 00:00:00,2016-11-30 00:00:00
DRV001096,Vũ Trang,+1-857-096-8088,MA-1001096,MA-097-8633,Lyft,4.58,ACTIVE,2016-12-17 00:00:00,2017-02-11 00:00:00
DRV001097,Đặng Ngọc,+1-857-097-8141,MA-1001097,MA-098-8650,Uber,4.86,ACTIVE,2016-08-31 00:00:00,2017-02-11 00:00:00
DRV001098,Hồ Lan,+1-857-098-8194,MA-1001098,MA-099-8667,Lyft,4.82,ACTIVE,2016-11-01 00:00:00,2017-01-12 00:00:00
DRV001099,Lê Phương,+1-857-099-8247,MA-1001099,MA-100-8684,Lyft,4.77,ACTIVE,2015-05-29 00:00:00,2016-05-06 00:00:00
DRV001100,Lê Hà,+1-857-100-8300,MA-1001100,MA-101-8701,Lyft,4.55,ACTIVE,2015-09-05 00:00:00,2016-01-12 00:00:00
DRV001101,Đặng Dũng,+1-857-101-8353,MA-1001101,MA-102-8718,Uber,4.35,ACTIVE,2016-07-15 00:00:00,2017-02-18 00:00:00
DRV001102,Trần An,+1-857-102-8406,MA-1001102,MA-103-8735,Uber,4.58,ACTIVE,2018-06-10 00:00:00,2019-04-10 00:00:00
DRV001103,Đặng Hà,+1-857-103-8459,MA-1001103,MA-104-8752,Lyft,4.64,ACTIVE,2016-01-10 00:00:00,2016-09-25 00:00:00
DRV001104,Bùi Khánh,+1-857-104-8512,MA-1001104,MA-105-8769,Lyft,4.34,ACTIVE,2015-07-11 00:00:00,2016-08-04 00:00:00
DRV001105,Phạm Nam,+1-857-105-8565,MA-1001105,MA-106-8786,Lyft,4.78,ACTIVE,2016-01-27 00:00:00,2016-11-14 00:00:00
DRV001106,Đặng Quân,+1-857-106-8618,MA-1001106,MA-107-8803,Uber,4.64,ACTIVE,2017-04-01 00:00:00,2017-08-17 00:00:00
DRV001107,Vũ An,+1-857-107-8671,MA-1001107,MA-108-8820,Uber,5.0,ACTIVE,2018-02-20 00:00:00,2018-12-03 00:00:00
DRV001108,Đỗ Giang,+1-857-108-8724,MA-1001108,MA-109-8837,Uber,4.87,ACTIVE,2015-04-09 00:00:00,2016-10-09 00:00:00
DRV001109,Lê Chi,+1-857-109-8777,MA-1001109,MA-110-8854,Uber,4.54,ACTIVE,2018-05-11 00:00:00,2018-07-27 00:00:00
DRV001110,Nguyễn Dũng,+1-857-110-8830,MA-1001110,MA-111-8871,Lyft,4.54,ACTIVE,2016-04-06 00:00:00,2016-08-31 00:00:00
DRV001111,Hoàng Hương,+1-857-111-8883,MA-1001111,MA-112-8888,Lyft,4.9,ACTIVE,2015-11-04 00:00:00,2017-05-06 00:00:00
DRV001112,Phạm Bình,+1-857-112-8936,MA-1001112,MA-113-8905,Lyft,4.68,ACTIVE,2018-04-08 00:00:00,2019-10-29 00:00:00
DRV001113,Lê Linh,+1-857-113-8989,MA-1001113,MA-114-8922,Lyft,4.76,ACTIVE,2018-04-10 00:00:00,2018-05-26 00:00:00
DRV001114,Bùi An,+1-857-114-9042,MA-1001114,MA-115-8939,Uber,4.65,ACTIVE,2017-07-14 00:00:00,2017-11-14 00:00:00
DRV001115,Hoàng Trang,+1-857-115-9095,MA-1001115,MA-116-8956,Uber,4.85,ACTIVE,2015-10-31 00:00:00,2016-01-11 00:00:00
DRV001116,Lê Hương,+1-857-116-9148,MA-1001116,MA-117-8973,Uber,4.52,ACTIVE,2017-08-03 00:00:00,2018-06-04 00:00:00
DRV001117,Đỗ Dũng,+1-857-117-9201,MA-1001117,MA-118-8990,Lyft,4.84,ACTIVE,2016-06-17 00:00:00,2017-02-06 00:00:00
DRV001118,Hồ Trang,+1-857-118-9254,MA-1001118,MA-119-9007,Uber,4.89,ACTIVE,2015-05-22 00:00:00,2016-05-01 00:00:00
DRV001119,Hoàng Hà,+1-857-119-9307,MA-1001119,MA-120-9024,Lyft,4.8,ACTIVE,2016-03-20 00:00:00,2017-11-07 00:00:00
DRV001120,Hồ Nam,+1-857-120-9360,MA-1001120,MA-121-9041,Uber,4.83,ACTIVE,2018-06-21 00:00:00,2018-09-23 00:00:00
DRV001121,Bùi Nam,+1-857-121-9413,MA-1001121,MA-122-9058,Lyft,4.88,OFFLINE,2017-12-07 00:00:00,2019-05-08 00:00:00
DRV001122,Trần Chi,+1-857-122-9466,MA-1001122,MA-123-9075,Uber,4.86,ACTIVE,2017-01-23 00:00:00,2018-06-09 00:00:00
DRV001123,Hồ Quân,+1-857-123-9519,MA-1001123,MA-124-9092,Uber,4.78,ACTIVE,2018-05-09 00:00:00,2019-02-03 00:00:00
DRV001124,Vũ Giang,+1-857-124-9572,MA-1001124,MA-125-9109,Uber,4.62,ACTIVE,2016-06-23 00:00:00,2017-11-04 00:00:00
DRV001125,Đặng Hà,+1-857-125-9625,MA-1001125,MA-126-9126,Lyft,4.62,ACTIVE,2017-11-29 00:00:00,2019-02-07 00:00:00
DRV001126,Đặng Hương,+1-857-126-9678,MA-1001126,MA-127-9143,Uber,4.96,ACTIVE,2015-04-02 00:00:00,2016-04-17 00:00:00
DRV001127,Hoàng Ngọc,+1-857-127-9731,MA-1001127,MA-128-9160,Uber,4.61,ACTIVE,2018-08-22 00:00:00,2019-11-03 00:00:00
DRV001128,Đặng Quân,+1-857-128-9784,MA-1001128,MA-129-9177,Uber,4.73,ACTIVE,2017-11-21 00:00:00,2019-02-19 00:00:00
DRV001129,Phạm Chi,+1-857-129-9837,MA-1001129,MA-130-9194,Uber,4.75,OFFLINE,2017-11-22 00:00:00,2019-06-16 00:00:00
DRV001130,Trần Trang,,MA-1001130,MA-131-9211,Lyft,4.48,ACTIVE,2015-09-13 00:00:00,2016-09-01 00:00:00
DRV001131,Đặng Lan,+1-857-131-9943,MA-1001131,MA-132-9228,Uber,4.58,ACTIVE,2017-03-13 00:00:00,2018-01-25 00:00:00
DRV001132,Trần Khánh,+1-857-132-9996,MA-1001132,MA-133-9245,Lyft,4.51,ACTIVE,2015-06-25 00:00:00,2016-03-07 00:00:00
DRV001133,Đặng Hải,+1-857-133-0049,MA-1001133,MA-134-9262,Uber,4.68,OFFLINE,2015-05-16 00:00:00,2015-12-02 00:00:00
DRV001134,Vũ Tuấn,+1-857-134-0102,MA-1001134,MA-135-9279,Lyft,4.38,ACTIVE,2017-05-04 00:00:00,2018-05-16 00:00:00
DRV001135,Nguyễn Lan,+1-857-135-0155,MA-1001135,MA-136-9296,Lyft,4.62,ACTIVE,2017-01-21 00:00:00,2018-03-10 00:00:00
DRV001136,Nguyễn Giang,+1-857-136-0208,MA-1001136,MA-137-9313,Uber,4.64,ACTIVE,2017-04-05 00:00:00,2017-07-02 00:00:00
DRV001137,Trần Dũng,+1-857-137-0261,MA-1001137,MA-138-9330,Uber,4.55,ACTIVE,2016-05-28 00:00:00,2017-07-14 00:00:00
DRV001138,Bùi Hải,+1-857-138-0314,MA-1001138,MA-139-9347,Lyft,4.88,ACTIVE,2018-04-13 00:00:00,2018-06-30 00:00:00
DRV001139,Nguyễn Linh,+1-857-139-0367,MA-1001139,MA-140-9364,Uber,4.53,ACTIVE,2016-05-12 00:00:00,2016-09-08 00:00:00
DRV001140,Đặng Tuấn,+1-857-140-0420,MA-1001140,MA-141-9381,Lyft,4.88,ACTIVE,2015-07-11 00:00:00,2016-03-25 00:00:00
DRV001141,Vũ Hải,+1-857-141-0473,INVALID,MA-142-9398,Uber,4.75,ACTIVE,2018-07-24 00:00:00,2018-08-11 00:00:00
DRV001142,Đặng Ngọc,+1-857-142-0526,MA-1001142,MA-143-9415,Lyft,4.76,ACTIVE,2015-12-26 00:00:00,2016-01-16 00:00:00
DRV001143,Trần Hà,+1-857-143-0579,MA-1001143,MA-144-9432,Lyft,4.63,ACTIVE,2017-01-16 00:00:00,2017-10-23 00:00:00
DRV001144,Trần Tuấn,+1-857-144-0632,MA-1001144,MA-145-9449,Uber,4.71,ACTIVE,2016-06-03 00:00:00,2017-09-15 00:00:00
DRV001145,Đặng Hương,+1-857-145-0685,MA-1001145,MA-146-9466,Uber,4.5,ACTIVE,2018-09-03 00:00:00,2019-07-26 00:00:00
DRV001146,Bùi Quân,+1-857-146-0738,MA-1001146,MA-147-9483,Uber,4.61,ACTIVE,2016-10-03 00:00:00,2018-02-21 00:00:00
DRV001147,Bùi Bình,+1-857-147-0791,MA-1001147,MA-148-9500,Uber,4.74,ACTIVE,2016-05-27 00:00:00,2017-06-01 00:00:00
DRV001148,Hoàng Bình,+1-857-148-0844,MA-1001148,MA-149-9517,Uber,4.74,ACTIVE,2018-06-10 00:00:00,2018-10-15 00:00:00
DRV001149,Đỗ Hải,+1-857-149-0897,MA-1001149,MA-150-9534,Uber,4.6,ACTIVE,2017-03-26 00:00:00,2018-05-17 00:00:00
DRV001150,Nguyễn Nam,+1-857-150-0950,MA-1001150,MA-151-9551,Lyft,4.7,ACTIVE,2015-12-30 00:00:00,2016-08-16 00:00:00
DRV001151,Đỗ Hương,+1-857-151-1003,MA-1001151,MA-152-9568,Uber,4.66,ACTIVE,2016-04-21 00:00:00,2016-06-05 00:00:00
DRV001152,Hồ Giang,+1-857-152-1056,MA-1001152,MA-153-9585,Uber,4.69,ACTIVE,2016-09-19 00:00:00,2017-12-10 00:00:00
DRV001153,Hoàng Ngọc,+1-857-153-1109,MA-1001153,MA-154-9602,Uber,4.67,ACTIVE,2015-12-26 00:00:00,2017-07-09 00:00:00
DRV001154,Đỗ Chi,+1-857-154-1162,MA-1001154,MA-155-9619,Uber,4.48,ACTIVE,2018-08-23 00:00:00,2018-12-02 00:00:00
DRV001155,Vũ Hải,+1-857-155-1215,MA-1001155,MA-156-9636,Uber,4.82,ACTIVE,2018-09-15 00:00:00,2018-12-06 00:00:00
DRV001156,Vũ Quân,+1-857-156-1268,MA-1001156,MA-157-9653,Lyft,4.6,ACTIVE,2017-03-12 00:00:00,2018-05-20 00:00:00
DRV001157,Phạm Hương,+1-857-157-1321,MA-1001157,MA-158-9670,Lyft,4.81,ACTIVE,2016-12-20 00:00:00,2017-03-10 00:00:00
DRV001158,Nguyễn Ngọc,+1-857-158-1374,MA-1001158,MA-159-9687,Uber,4.51,ACTIVE,2017-10-07 00:00:00,2018-04-04 00:00:00
DRV001159,Đỗ An,+1-857-159-1427,MA-1001159,MA-160-9704,Lyft,4.94,ACTIVE,2018-03-21 00:00:00,2019-06-14 00:00:00
DRV001160,Đỗ Khánh,+1-857-160-1480,MA-1001160,MA-161-9721,Uber,4.56,ACTIVE,2016-11-02 00:00:00,2017-10-12 00:00:00
DRV001161,Đặng Tuấn,+1-857-161-1533,MA-1001161,MA-162-9738,Uber,4.69,ACTIVE,2017-05-17 00:00:00,2018-09-04 00:00:00
DRV001162,Lê An,+1-857-162-1586,MA-1001162,MA-163-9755,Uber,4.66,ACTIVE,2016-09-23 00:00:00,2017-07-14 00:00:00
DRV001163,Bùi Chi,+1-857-163-1639,MA-1001163,MA-164-9772,Uber,4.4,ACTIVE,2017-09-24 00:00:00,2018-11-15 00:00:00
DRV001164,Trần Lan,+1-857-164-1692,MA-1001164,MA-165-9789,Uber,5.0,ACTIVE,2017-02-03 00:00:00,2017-03-27 00:00:00
DRV001165,Đỗ Ngọc,+1-857-165-1745,MA-1001165,MA-166-9806,Uber,4.64,OFFLINE,2018-08-28 00:00:00,2019-12-01 00:00:00
DRV001166,Nguyễn Phương,+1-857-166-1798,MA-1001166,MA-167-9823,Lyft,5.0,ACTIVE,2015-12-21 00:00:00,2016-04-17 00:00:00
DRV001167,Hoàng Nam,+1-857-167-1851,MA-1001167,MA-168-9840,Uber,4.88,ACTIVE,2017-01-13 00:00:00,2018-03-26 00:00:00
DRV001168,Lê Tuấn,+1-857-168-1904,MA-1001168,MA-169-9857,Lyft,4.9,ACTIVE,2016-10-28 00:00:00,2016-11-24 00:00:00
DRV001169,Đỗ Khánh,+1-857-169-1957,MA-1001169,MA-170-9874,Uber,4.28,OFFLINE,2018-03-16 00:00:00,2018-07-04 00:00:00
DRV001170,Hoàng Bình,+1-857-170-2010,MA-1001170,MA-171-9891,Lyft,4.86,ACTIVE,2016-11-18 00:00:00,2018-07-08 00:00:00
DRV001171,Trần Giang,+1-857-171-2063,MA-1001171,MA-172-9908,Lyft,4.41,ACTIVE,2018-02-20 00:00:00,2018-05-29 00:00:00
DRV001172,Trần Ngọc,+1-857-172-2116,MA-1001172,MA-173-9925,Lyft,4.76,ACTIVE,2016-10-10 00:00:00,2017-08-19 00:00:00
DRV001173,Nguyễn Quân,+1-857-173-2169,MA-1001173,MA-174-9942,Lyft,4.64,ACTIVE,2015-10-15 00:00:00,2016-06-06 00:00:00
DRV001174,Đỗ Quân,+1-857-174-2222,MA-1001174,MA-175-9959,Uber,4.65,ACTIVE,2016-09-20 00:00:00,2017-01-14 00:00:00
DRV001175,Đỗ Khánh,+1-857-175-2275,MA-1001175,MA-176-9976,Lyft,4.56,ACTIVE,2018-02-05 00:00:00,2019-08-02 00:00:00
DRV001176,Đặng Nam,+1-857-176-2328,MA-1001176,MA-177-9993,Uber,4.73,ACTIVE,2017-08-13 00:00:00,2018-12-09 00:00:00
DRV001177,Hoàng Nam,+1-857-177-2381,MA-1001177,MA-178-0011,Uber,4.57,ACTIVE,2015-09-20 00:00:00,2016-01-08 00:00:00
DRV001178,Đỗ Khánh,+1-857-178-2434,MA-1001178,MA-179-0028,Lyft,4.6,ACTIVE,2018-02-21 00:00:00,2019-06-25 00:00:00
DRV001179,Đỗ Hà,+1-857-179-2487,MA-1001179,MA-180-0045,Uber,4.58,ACTIVE,2015-02-18 00:00:00,2015-06-19 00:00:00
DRV001180,Hoàng An,+1-857-180-2540,MA-1001180,MA-181-0062,Uber,4.87,OFFLINE,2016-11-17 00:00:00,2017-06-22 00:00:00
DRV001181,Vũ Giang,+1-857-181-2593,MA-1001181,MA-182-0079,Lyft,4.77,ACTIVE,2016-01-15 00:00:00,2016-03-07 00:00:00
DRV001182,Hoàng An,+1-857-182-2646,MA-1001182,MA-183-0096,Uber,5.0,ACTIVE,2016-12-25 00:00:00,2018-08-09 00:00:00
DRV001183,Hoàng Trang,+1-857-183-2699,MA-1001183,MA-184-0113,Lyft,4.8,ACTIVE,2015-08-28 00:00:00,2016-06-28 00:00:00
DRV001184,Bùi Minh,+1-857-184-2752,MA-1001184,MA-185-0130,Uber,4.6,ACTIVE,2017-07-26 00:00:00,2017-11-12 00:00:00
DRV001185,Nguyễn Tuấn,+1-857-185-2805,MA-1001185,MA-186-0147,Uber,4.73,ACTIVE,2016-04-12 00:00:00,2017-09-14 00:00:00
DRV001186,Trần Phương,+1-857-186-2858,MA-1001186,MA-187-0164,Uber,4.97,ACTIVE,2016-01-09 00:00:00,2016-07-30 00:00:00
DRV001187,Vũ Minh,+1-857-187-2911,MA-1001187,MA-188-0181,Lyft,4.81,ACTIVE,2017-01-04 00:00:00,2018-01-03 00:00:00
DRV001188,Hoàng Dũng,+1-857-188-2964,MA-1001188,MA-189-0198,Uber,4.33,ACTIVE,2017-05-04 00:00:00,2018-12-01 00:00:00
DRV001189,Phạm Giang,+1-857-189-3017,MA-1001189,MA-190-0215,Lyft,4.6,ACTIVE,2017-03-02 00:00:00,2017-11-14 00:00:00
DRV001190,Hồ Giang,+1-857-190-3070,MA-1001190,MA-191-0232,Lyft,4.78,ACTIVE,2018-02-22 00:00:00,2018-09-28 00:00:00
DRV001191,Hoàng An,+1-857-191-3123,MA-12,MA-192-0249,Lyft,4.67,ACTIVE,2015-06-12 00:00:00,2016-12-19 00:00:00
DRV001192,Đỗ Minh,+1-857-192-3176,MA-1001192,MA-193-0266,Lyft,4.55,ACTIVE,2017-11-04 00:00:00,2018-03-19 00:00:00
DRV001193,Hồ Nam,+1-857-193-3229,MA-1001193,MA-194-0283,Lyft,4.53,ACTIVE,2017-05-29 00:00:00,2017-08-25 00:00:00
DRV001194,Đặng Ngọc,+1-857-194-3282,MA-1001194,MA-195-0300,Uber,4.71,ACTIVE,2017-12-06 00:00:00,2018-09-08 00:00:00
DRV001195,Đỗ Quân,+1-857-195-3335,MA-1001195,MA-196-0317,Uber,4.61,ACTIVE,2016-08-12 00:00:00,2018-03-25 00:00:00
DRV001196,Hoàng Quân,+1-857-196-3388,MA-1001196,MA-197-0334,Lyft,4.58,ACTIVE,2018-04-26 00:00:00,2019-08-12 00:00:00
DRV001197,Hoàng Linh,+1-857-197-3441,MA-1001197,MA-198-0351,Lyft,4.74,ACTIVE,2017-10-13 00:00:00,2018-11-17 00:00:00
DRV001198,Hoàng Bình,+1-857-198-3494,MA-1001198,MA-199-0368,Uber,4.76,ACTIVE,2017-12-25 00:00:00,2018-08-08 00:00:00
DRV001199,Đặng Dũng,+1-857-199-3547,MA-1001199,MA-200-0385,Lyft,4.95,OFFLINE,2015-12-05 00:00:00,2016-01-02 00:00:00
DRV001200,Lê Dũng,+1-857-200-3600,MA-1001200,MA-201-0402,Uber,4.74,ACTIVE,2016-04-21 00:00:00,2016-08-08 00:00:00
DRV001201,Nguyễn Lan,+1-857-201-3653,MA-1001201,MA-202-0419,Lyft,4.76,ACTIVE,2018-05-29 00:00:00,2019-01-13 00:00:00
DRV001202,Phạm Hương,+1-857-202-3706,MA-1001202,MA-203-0436,Uber,4.73,ACTIVE,2018-05-20 00:00:00,2019-07-01 00:00:00
DRV001203,Vũ Giang,+1-857-203-3759,MA-1001203,MA-204-0453,Lyft,4.67,ACTIVE,2017-07-21 00:00:00,2019-01-05 00:00:00
DRV001204,Lê Linh,+1-857-204-3812,MA-1001204,MA-205-0470,Uber,4.73,ACTIVE,2017-05-15 00:00:00,2017-08-15 00:00:00
DRV001205,Bùi Khánh,+1-857-205-3865,MA-1001205,MA-206-0487,Uber,4.33,ACTIVE,2017-10-21 00:00:00,2017-12-13 00:00:00
DRV001206,Bùi Giang,+1-857-206-3918,MA-1001206,MA-207-0504,Lyft,4.98,ACTIVE,2018-09-26 00:00:00,2020-01-01 00:00:00
DRV001207,Bùi Nam,+1-857-207-3971,MA-1001207,MA-208-0521,Lyft,5.0,ACTIVE,2018-02-15 00:00:00,2019-02-15 00:00:00
DRV001208,Phạm Chi,+1-857-208-4024,MA-1001208,MA-209-0538,Uber,4.36,ACTIVE,2018-03-08 00:00:00,2018-09-11 00:00:00
DRV001209,Nguyễn Phương,+1-857-209-4077,MA-1001209,MA-210-0555,Uber,4.83,ACTIVE,2016-12-05 00:00:00,2017-06-21 00:00:00
DRV001210,Đỗ Hà,+1-857-210-4130,MA-1001210,MA-211-0572,Uber,4.52,ACTIVE,2017-06-11 00:00:00,2018-04-03 00:00:00
DRV001211,Nguyễn Hương,+1-857-211-4183,MA-1001211,MA-212-0589,Uber,4.52,ACTIVE,2016-12-19 00:00:00,2018-06-17 00:00:00
DRV001212,Đặng Phương,+1-857-212-4236,MA-1001212,MA-213-0606,Uber,4.62,ACTIVE,2015-07-27 00:00:00,2016-01-25 00:00:00
DRV001213,Hồ Minh,+1-857-213-4289,MA-1001213,MA-214-0623,Lyft,4.44,ACTIVE,2018-04-26 00:00:00,2019-06-08 00:00:00
DRV001214,Lê Dũng,+1-857-214-4342,MA-1001214,MA-215-0640,Lyft,4.76,ACTIVE,2015-09-10 00:00:00,2016-08-15 00:00:00
DRV001215,Phạm Ngọc,+1-857-215-4395,MA-1001215,MA-216-0657,Uber,4.66,ACTIVE,2016-05-19 00:00:00,2016-12-09 00:00:00
DRV001216,Hoàng Quân,+1-857-216-4448,MA-1001216,MA-217-0674,Uber,4.67,ACTIVE,2015-08-12 00:00:00,2016-02-13 00:00:00
DRV001217,Đặng Khánh,+1-857-217-4501,MA-1001217,MA-218-0691,Lyft,4.78,ACTIVE,2017-02-09 00:00:00,2018-08-17 00:00:00
DRV001218,Vũ Lan,+1-857-218-4554,MA-1001218,MA-219-0708,Lyft,4.56,ACTIVE,2017-05-18 00:00:00,2018-08-24 00:00:00
DRV001219,Phạm Lan,+1-857-219-4607,MA-1001219,MA-220-0725,Uber,4.82,ACTIVE,2016-11-29 00:00:00,2017-08-20 00:00:00
DRV001220,Nguyễn Tuấn,+1-857-220-4660,MA-1001220,MA-221-0742,Uber,4.67,ACTIVE,2015-06-29 00:00:00,2016-07-19 00:00:00
DRV001221,Đỗ Phương,+1-857-221-4713,MA-1001221,MA-222-0759,Lyft,4.87,ACTIVE,2015-02-23 00:00:00,2015-11-08 00:00:00
DRV001222,Nguyễn Hương,+1-857-222-4766,MA-1001222,MA-223-0776,Lyft,4.54,ACTIVE,2016-07-16 00:00:00,2018-01-08 00:00:00
DRV001223,Đỗ Linh,+1-857-223-4819,MA-1001223,MA-224-0793,Uber,4.64,ACTIVE,2017-01-16 00:00:00,2017-12-16 00:00:00
DRV001224,Lê Lan,+1-857-224-4872,MA-1001224,MA-225-0810,Uber,5.0,ACTIVE,2016-05-04 00:00:00,2016-12-09 00:00:00
DRV001225,Bùi Hà,+1-857-225-4925,MA-1001225,MA-226-0827,Lyft,4.72,ACTIVE,2015-10-19 00:00:00,2016-03-22 00:00:00
DRV001226,Hoàng Hà,+1-857-226-4978,MA-1001226,MA-227-0844,Lyft,4.82,ACTIVE,2017-01-02 00:00:00,2018-02-03 00:00:00
DRV001227,Bùi An,+1-857-227-5031,MA-1001227,MA-228-0861,Lyft,5.0,ACTIVE,2017-07-04 00:00:00,2017-09-25 00:00:00
DRV001228,Lê An,+1-857-228-5084,MA-1001228,MA-229-0878,Lyft,4.71,ACTIVE,2017-03-27 00:00:00,2017-07-30 00:00:00
DRV001229,Đặng Minh,+1-857-229-5137,MA-1001229,MA-230-0895,Lyft,4.71,ACTIVE,2015-08-18 00:00:00,2015-09-24 00:00:00
DRV001230,Phạm Chi,+1-857-230-5190,MA-1001230,MA-231-0912,Lyft,4.75,ACTIVE,2016-01-29 00:00:00,2016-05-02 00:00:00
DRV001231,Hoàng Ngọc,+1-857-231-5243,MA-1001231,MA-232-0929,Uber,4.72,OFFLINE,2017-07-12 00:00:00,2018-03-24 00:00:00
DRV001232,Lê Hương,+1-857-232-5296,MA-1001232,MA-233-0946,Uber,4.68,ACTIVE,2018-04-27 00:00:00,2019-03-11 00:00:00
DRV001233,Nguyễn Minh,+1-857-233-5349,MA-1001233,MA-234-0963,Uber,4.77,ACTIVE,2015-04-01 00:00:00,2016-07-03 00:00:00
DRV001234,Bùi Hải,+1-857-234-5402,MA-1001234,MA-235-0980,Uber,4.79,ACTIVE,2017-12-29 00:00:00,2018-10-30 00:00:00
DRV001235,Vũ Bình,+1-857-235-5455,MA-1001235,MA-236-0997,Lyft,5.0,ACTIVE,2018-09-23 00:00:00,2019-09-01 00:00:00
DRV001236,Hoàng Tuấn,+1-857-236-5508,MA-1001236,MA-237-1014,Uber,4.31,ACTIVE,2018-04-12 00:00:00,2019-01-28 00:00:00
DRV001237,Trần Giang,+1-857-237-5561,MA-1001237,MA-238-1031,Lyft,4.84,ACTIVE,2016-05-10 00:00:00,2017-08-12 00:00:00
DRV001238,Đặng Bình,+1-857-238-5614,MA-1001238,MA-239-1048,Lyft,4.61,ACTIVE,2015-10-17 00:00:00,2015-12-26 00:00:00
DRV001239,Trần Trang,+1-857-239-5667,MA-1001239,MA-240-1065,Lyft,4.85,ACTIVE,2016-07-09 00:00:00,2017-04-06 00:00:00
DRV001240,Đặng Ngọc,+1-857-240-5720,MA-1001240,MA-241-1082,Uber,4.81,ACTIVE,2016-10-23 00:00:00,2017-06-11 00:00:00
DRV001241,Bùi Chi,+1-857-241-5773,MA-1001241,MA-242-1099,Uber,4.37,ACTIVE,2018-08-19 00:00:00,2019-01-12 00:00:00
DRV001242,Đặng Minh,,MA-1001242,MA-243-1116,Lyft,4.62,ACTIVE,2016-05-23 00:00:00,2016-08-15 00:00:00
DRV001243,Đặng Nam,+1-857-243-5879,MA-1001243,MA-244-1133,Lyft,4.9,ACTIVE,2018-07-12 00:00:00,2018-08-19 00:00:00
,Hồ Minh,+1-857-244-5932,MA-1001244,MA-245-1150,Uber,4.56,ACTIVE,2016-11-17 00:00:00,2017-02-06 00:00:00
DRV001245,Hồ Ngọc,+1-857-245-5985,MA-1001245,MA-246-1167,Uber,4.93,ACTIVE,2016-02-05 00:00:00,2016-03-05 00:00:00
DRV001246,Phạm Linh,+1-857-246-6038,MA-1001246,MA-247-1184,Uber,4.66,ACTIVE,2015-09-09 00:00:00,2016-07-25 00:00:00
DRV001247,Nguyễn Chi,+1-857-247-6091,MA-1001247,MA-248-1201,Uber,4.43,ACTIVE,2015-05-23 00:00:00,2015-06-22 00:00:00
DRV001248,Lê An,+1-857-248-6144,MA-1001248,MA-249-1218,Uber,4.65,ACTIVE,2016-05-17 00:00:00,2017-04-24 00:00:00
DRV001249,Lê Ngọc,+1-857-249-6197,MA-1001249,MA-250-1235,Uber,4.43,ACTIVE,2016-02-11 00:00:00,2016-09-16 00:00:00
DRV001250,Lê An,+1-857-250-6250,MA-1001250,MA-251-1252,Uber,4.97,ACTIVE,2017-01-07 00:00:00,2018-07-11 00:00:00
DRV001251,Bùi Lan,+1-857-251-6303,MA-1001251,MA-252-1269,Lyft,4.76,ACTIVE,2015-07-13 00:00:00,2016-02-14 00:00:00
DRV001252,Lê Linh,+1-857-252-6356,MA-1001252,MA-253-1286,Lyft,4.63,ACTIVE,2017-07-06 00:00:00,2017-07-16 00:00:00
DRV001253,Trần Chi,+1-857-253-6409,MA-1001253,MA-254-1303,Lyft,4.81,ACTIVE,2016-02-28 00:00:00,2016-06-02 00:00:00
DRV001254,Trần Hà,+1-857-254-6462,MA-1001254,MA-255-1320,Uber,4.75,ACTIVE,2017-08-25 00:00:00,2017-12-17 00:00:00
DRV001255,Lê Ngọc,+1-857-255-6515,MA-1001255,MA-256-1337,Uber,4.71,ACTIVE,2018-06-11 00:00:00,2019-10-28 00:00:00
DRV001256,Hồ Khánh,+1-857-256-6568,MA-1001256,MA-257-1354,Uber,4.48,ACTIVE,2016-11-07 00:00:00,2017-04-30 00:00:00
DRV001257,Đỗ Quân,+1-857-257-6621,MA-1001257,MA-258-1371,Lyft,4.89,ACTIVE,2017-02-17 00:00:00,2017-11-21 00:00:00
DRV001258,Vũ Lan,+1-857-258-6674,MA-1001258,MA-259-1388,Uber,4.7,ACTIVE,2016-04-13 00:00:00,2016-09-25 00:00:00
DRV001259,Phạm Trang,+1-857-259-6727,MA-1001259,MA-260-1405,Lyft,5.0,ACTIVE,2018-01-23 00:00:00,2018-03-06 00:00:00
DRV001260,Đỗ Linh,+1-857-260-6780,MA-1001260,MA-261-1422,Lyft,4.21,ACTIVE,2017-03-11 00:00:00,2018-01-17 00:00:00
DRV001261,Đặng Hải,+1-857-261-6833,MA-1001261,MA-262-1439,Lyft,4.45,OFFLINE,2017-12-12 00:00:00,2018-04-26 00:00:00
DRV001262,Phạm Phương,+1-857-262-6886,MA-1001262,MA-263-1456,Lyft,4.59,ACTIVE,2015-11-02 00:00:00,2016-08-12 00:00:00
DRV001263,Hoàng Hà,+1-857-263-6939,MA-1001263,MA-264-1473,Lyft,5.0,ACTIVE,2017-12-07 00:00:00,2019-06-01 00:00:00
DRV001264,Đặng Hà,+1-857-264-6992,MA-1001264,MA-265-1490,Uber,5.0,ACTIVE,2017-05-05 00:00:00,2017-10-23 00:00:00
DRV001265,Phạm Phương,+1-857-265-7045,MA-1001265,MA-266-1507,Lyft,4.8,ACTIVE,2015-05-10 00:00:00,2016-08-16 00:00:00
DRV001266,Đỗ Hải,+1-857-266-7098,MA-1001266,MA-267-1524,Uber,4.93,ACTIVE,2017-08-17 00:00:00,2018-03-04 00:00:00
DRV001267,Phạm Phương,+1-857-267-7151,INVALID,MA-268-1541,Lyft,4.45,ACTIVE,2018-03-25 00:00:00,2019-08-13 00:00:00
DRV001268,Trần Dũng,+1-857-268-7204,MA-1001268,MA-269-1558,Lyft,4.69,OFFLINE,2015-07-10 00:00:00,2016-10-03 00:00:00
DRV001269,Đỗ Minh,+1-857-269-7257,MA-1001269,MA-270-1575,Uber,4.4,ACTIVE,2017-07-03 00:00:00,2018-10-21 00:00:00
DRV001270,Đặng Minh,+1-857-270-7310,MA-1001270,MA-271-1592,Lyft,4.85,ACTIVE,2015-09-22 00:00:00,2016-01-13 00:00:00
DRV001271,Hoàng Hà,+1-857-271-7363,MA-1001271,MA-272-1609,Uber,4.48,ACTIVE,2015-08-15 00:00:00,2017-03-18 00:00:00
DRV001272,Bùi Tuấn,+1-857-272-7416,MA-1001272,MA-273-1626,Uber,4.54,ACTIVE,2018-04-21 00:00:00,2018-12-07 00:00:00
DRV001273,Vũ Hà,+1-857-273-7469,MA-1001273,MA-274-1643,Uber,4.54,ACTIVE,2015-05-06 00:00:00,2016-09-13 00:00:00
DRV001274,Bùi Ngọc,+1-857-274-7522,MA-1001274,MA-275-1660,Uber,4.47,ACTIVE,2017-03-17 00:00:00,2018-08-16 00:00:00
DRV001275,Đỗ Giang,+1-857-275-7575,MA-1001275,MA-276-1677,Lyft,4.43,ACTIVE,2015-10-14 00:00:00,2017-06-01 00:00:00
DRV001276,Hồ Nam,+1-857-276-7628,MA-1001276,MA-277-1694,Uber,4.78,ACTIVE,2016-09-24 00:00:00,2017-11-26 00:00:00
DRV001277,Đỗ Hương,+1-857-277-7681,MA-1001277,MA-278-1711,Lyft,4.42,OFFLINE,2017-05-12 00:00:00,2018-11-26 00:00:00
DRV001278,Đỗ Trang,+1-857-278-7734,MA-1001278,MA-279-1728,Lyft,4.67,ACTIVE,2016-06-23 00:00:00,2017-02-23 00:00:00
DRV001279,Vũ Phương,+1-857-279-7787,MA-1001279,MA-280-1745,Lyft,4.75,ACTIVE,2016-05-04 00:00:00,2016-10-27 00:00:00
DRV001280,Lê Bình,+1-857-280-7840,MA-1001280,MA-281-1762,Uber,4.62,ACTIVE,2017-10-31 00:00:00,2018-08-01 00:00:00
DRV001281,Hoàng Giang,+1-857-281-7893,MA-1001281,MA-282-1779,Uber,4.64,ACTIVE,2018-09-15 00:00:00,2019-04-17 00:00:00
DRV001282,Hồ Linh,+1-857-282-7946,MA-1001282,MA-283-1796,Lyft,4.97,ACTIVE,2016-10-03 00:00:00,2017-03-04 00:00:00
DRV001283,Vũ Dũng,+1-857-283-7999,MA-1001283,MA-284-1813,Lyft,4.83,ACTIVE,2015-12-14 00:00:00,2017-05-09 00:00:00
DRV001284,Phạm Lan,+1-857-284-8052,MA-1001284,MA-285-1830,Lyft,4.77,OFFLINE,2017-07-19 00:00:00,2018-03-21 00:00:00
DRV001285,Hồ Dũng,+1-857-285-8105,MA-1001285,MA-286-1847,Uber,4.5,ACTIVE,2018-01-18 00:00:00,2019-02-13 00:00:00
DRV001286,Lê Lan,+1-857-286-8158,MA-1001286,MA-287-1864,Lyft,4.86,ACTIVE,2015-04-30 00:00:00,2016-02-06 00:00:00
DRV001287,Phạm Ngọc,+1-857-287-8211,MA-1001287,MA-288-1881,Uber,4.76,ACTIVE,2016-07-01 00:00:00,2017-01-14 00:00:00
DRV001288,Trần Tuấn,+1-857-288-8264,MA-1001288,MA-289-1898,Uber,4.72,ACTIVE,2017-09-03 00:00:00,2019-01-13 00:00:00
DRV001289,Đỗ Linh,+1-857-289-8317,MA-1001289,MA-290-1915,Lyft,4.97,ACTIVE,2017-07-21 00:00:00,2017-08-11 00:00:00
DRV001290,Đỗ Giang,+1-857-290-8370,MA-1001290,MA-291-1932,Lyft,4.57,ACTIVE,2015-01-28 00:00:00,2015-11-28 00:00:00
DRV001291,Trần Chi,+1-857-291-8423,MA-1001291,MA-292-1949,Uber,4.67,ACTIVE,2016-08-21 00:00:00,2016-09-05 00:00:00
DRV001292,Hoàng Minh,+1-857-292-8476,MA-1001292,MA-293-1966,Uber,4.68,ACTIVE,2017-05-27 00:00:00,2018-11-05 00:00:00
DRV001293,Phạm Hương,+1-857-293-8529,MA-1001293,MA-294-1983,Uber,5.0,ACTIVE,2018-09-06 00:00:00,2018-10-09 00:00:00
DRV001294,Hoàng An,+1-857-294-8582,MA-1001294,MA-295-2000,Lyft,4.65,ACTIVE,2016-07-11 00:00:00,2017-12-02 00:00:00
DRV001295,Đỗ Hương,+1-857-295-8635,MA-1001295,MA-296-2017,Uber,5.0,ACTIVE,2015-07-02 00:00:00,2016-12-09 00:00:00
DRV001296,Hoàng Chi,+1-857-296-8688,MA-1001296,MA-297-2034,Lyft,4.68,ACTIVE,2015-10-14 00:00:00,2017-03-20 00:00:00
DRV001297,Nguyễn Ngọc,+1-857-297-8741,MA-1001297,MA-298-2051,Uber,4.83,ACTIVE,2015-06-22 00:00:00,2016-08-03 00:00:00
DRV001298,Phạm An,+1-857-298-8794,MA-1001298,MA-299-2068,Uber,4.42,ACTIVE,2017-01-26 00:00:00,2017-08-04 00:00:00
DRV001299,Hoàng An,+1-857-299-8847,MA-1001299,MA-300-2085,Uber,4.76,ACTIVE,2016-03-10 00:00:00,2016-03-27 00:00:00
DRV001300,Lê Minh,+1-857-300-8900,MA-1001300,MA-301-2102,Uber,4.68,ACTIVE,2018-07-02 00:00:00,2018-07-20 00:00:00
DRV001301,Lê Phương,+1-857-301-8953,MA-1001301,MA-302-2119,Uber,4.7,OFFLINE,2015-02-10 00:00:00,2016-09-03 00:00:00
DRV001302,Lê Minh,+1-857-302-9006,MA-1001302,MA-303-2136,Lyft,4.53,ACTIVE,2015-05-25 00:00:00,2016-08-12 00:00:00
DRV001303,Lê Dũng,+1-857-303-9059,MA-1001303,MA-304-2153,Uber,4.96,ACTIVE,2015-12-21 00:00:00,2016-07-10 00:00:00
DRV001304,Phạm Linh,+1-857-304-9112,MA-1001304,MA-305-2170,Uber,4.8,ACTIVE,2017-10-17 00:00:00,2018-02-12 00:00:00
DRV001305,Đặng Khánh,+1-857-305-9165,MA-1001305,MA-306-2187,Uber,5.0,ACTIVE,2017-09-21 00:00:00,2019-03-21 00:00:00
DRV001306,Phạm Trang,+1-857-306-9218,MA-1001306,MA-307-2204,Uber,4.66,ACTIVE,2018-07-28 00:00:00,2018-12-23 00:00:00
DRV001307,Đặng Giang,+1-857-307-9271,MA-1001307,MA-308-2221,Uber,4.95,ACTIVE,2015-09-24 00:00:00,2016-02-05 00:00:00
DRV001308,Bùi Dũng,+1-857-308-9324,MA-1001308,MA-309-2238,Uber,4.68,ACTIVE,2016-06-16 00:00:00,2016-10-16 00:00:00
DRV001309,Lê Hải,+1-857-309-9377,MA-1001309,MA-310-2255,Uber,4.84,ACTIVE,2016-08-24 00:00:00,2016-12-23 00:00:00
DRV001310,Đặng Hải,+1-857-310-9430,MA-1001310,MA-311-2272,Lyft,4.91,ACTIVE,2015-09-22 00:00:00,2016-03-09 00:00:00
DRV001311,Đỗ Phương,+1-857-311-9483,MA-1001311,MA-312-2289,Uber,4.63,ACTIVE,2018-01-24 00:00:00,2019-07-17 00:00:00
DRV001312,Vũ Dũng,+1-857-312-9536,MA-1001312,MA-313-2306,Uber,4.9,ACTIVE,2017-02-23 00:00:00,2017-12-23 00:00:00
DRV001313,Phạm Bình,+1-857-313-9589,MA-1001313,MA-314-2323,Uber,4.85,ACTIVE,2016-10-19 00:00:00,2017-11-18 00:00:00
DRV001314,Nguyễn Khánh,+1-857-314-9642,MA-1001314,MA-315-2340,Lyft,4.82,OFFLINE,2016-06-04 00:00:00,2016-08-01 00:00:00
DRV001315,Lê Phương,+1-857-315-9695,MA-1001315,MA-316-2357,Uber,4.61,ACTIVE,2017-03-21 00:00:00,2018-04-10 00:00:00
DRV001316,Bùi Dũng,+1-857-316-9748,MA-1001316,MA-317-2374,Uber,4.83,ACTIVE,2015-07-19 00:00:00,2015-10-08 00:00:00
DRV001317,Đặng Chi,+1-857-317-9801,MA-1001317,MA-318-2391,Uber,4.97,ACTIVE,2018-08-17 00:00:00,2019-01-23 00:00:00
DRV001318,Nguyễn Hà,+1-857-318-9854,MA-1001318,MA-319-2408,Uber,4.8,ACTIVE,2018-01-06 00:00:00,2019-04-03 00:00:00
DRV001319,Nguyễn Hà,+1-857-319-9907,MA-1001319,MA-320-2425,Lyft,4.55,OFFLINE,2017-05-25 00:00:00,2018-05-16 00:00:00
DRV001320,Lê Tuấn,+1-857-320-9960,MA-1001320,MA-321-2442,Uber,4.99,ACTIVE,2016-09-24 00:00:00,2016-11-27 00:00:00
DRV001321,Trần An,+1-857-321-0013,MA-1001321,MA-322-2459,Uber,4.18,ACTIVE,2015-05-04 00:00:00,2015-06-28 00:00:00
DRV001322,Nguyễn Hà,+1-857-322-0066,MA-1001322,MA-323-2476,Uber,4.95,ACTIVE,2015-09-28 00:00:00,2016-03-04 00:00:00
DRV001323,Đỗ Ngọc,+1-857-323-0119,MA-1001323,MA-324-2493,Lyft,4.87,ACTIVE,2015-09-29 00:00:00,2016-12-29 00:00:00
DRV001324,Lê Lan,+1-857-324-0172,MA-1001324,MA-325-2510,Uber,4.82,ACTIVE,2016-04-16 00:00:00,2017-04-26 00:00:00
DRV001325,Đỗ Phương,+1-857-325-0225,MA-1001325,MA-326-2527,Lyft,4.92,ACTIVE,2015-02-16 00:00:00,2015-11-08 00:00:00
DRV001326,Trần Giang,+1-857-326-0278,MA-1001326,MA-327-2544,Uber,4.68,ACTIVE,2016-02-12 00:00:00,2017-09-24 00:00:00
DRV001327,Phạm Hương,+1-857-327-0331,MA-1001327,MA-328-2561,Uber,4.96,ACTIVE,2016-01-28 00:00:00,2017-09-10 00:00:00
DRV001328,Trần Phương,+1-857-328-0384,MA-1001328,MA-329-2578,Uber,4.8,ACTIVE,2016-06-21 00:00:00,2017-03-03 00:00:00
DRV001329,Phạm Minh,+1-857-329-0437,MA-1001329,MA-330-2595,Uber,4.68,ACTIVE,2017-01-30 00:00:00,2017-03-02 00:00:00
DRV001330,Hồ Bình,+1-857-330-0490,MA-1001330,MA-331-2612,Lyft,4.54,ACTIVE,2015-08-26 00:00:00,2016-09-12 00:00:00
DRV001331,Bùi Phương,+1-857-331-0543,MA-1001331,MA-332-2629,Lyft,5.0,ACTIVE,2017-02-24 00:00:00,2018-01-09 00:00:00
DRV001332,Đỗ Giang,+1-857-332-0596,MA-1001332,MA-333-2646,Uber,4.66,ACTIVE,2018-07-22 00:00:00,2019-05-30 00:00:00
DRV001333,Nguyễn Trang,+1-857-333-0649,MA-1001333,MA-334-2663,Lyft,4.95,ACTIVE,2016-08-11 00:00:00,2017-05-18 00:00:00
DRV001334,Phạm Hải,+1-857-334-0702,MA-1001334,MA-335-2680,Lyft,4.56,ACTIVE,2015-05-23 00:00:00,2015-10-10 00:00:00
DRV001335,Hồ Bình,+1-857-335-0755,MA-1001335,MA-336-2697,Uber,4.88,ACTIVE,2015-11-20 00:00:00,2016-05-31 00:00:00
DRV001336,Nguyễn Dũng,+1-857-336-0808,MA-1001336,MA-337-2714,Uber,4.88,ACTIVE,2017-10-23 00:00:00,2018-06-01 00:00:00
DRV001337,Vũ Minh,+1-857-337-0861,MA-1001337,MA-338-2731,Lyft,4.85,ACTIVE,2018-03-19 00:00:00,2018-05-02 00:00:00
DRV001338,Trần Minh,+1-857-338-0914,MA-1001338,MA-339-2748,Uber,4.79,ACTIVE,2018-03-31 00:00:00,2018-12-14 00:00:00
DRV001339,Đặng Phương,+1-857-339-0967,MA-1001339,MA-340-2765,Uber,4.79,ACTIVE,2016-02-12 00:00:00,2016-05-08 00:00:00
DRV001340,Nguyễn Minh,+1-857-340-1020,MA-1001340,MA-341-2782,Lyft,4.91,ACTIVE,2017-02-14 00:00:00,2017-08-09 00:00:00
DRV001341,Hồ Khánh,+1-857-341-1073,MA-1001341,MA-342-2799,Lyft,4.73,ACTIVE,2017-12-08 00:00:00,2019-04-23 00:00:00
DRV001342,Bùi Hải,+1-857-342-1126,MA-1001342,MA-343-2816,Lyft,4.86,ACTIVE,2016-10-26 00:00:00,2018-05-28 00:00:00
DRV001343,Hồ Dũng,+1-857-343-1179,MA-1001343,MA-344-2833,Uber,4.96,ACTIVE,2016-10-18 00:00:00,2017-12-23 00:00:00
DRV001344,Bùi Linh,+1-857-344-1232,MA-1001344,MA-345-2850,Uber,4.8,ACTIVE,2015-08-05 00:00:00,2017-03-25 00:00:00
DRV001345,Trần An,+1-857-345-1285,MA-1001345,MA-346-2867,Uber,4.77,ACTIVE,2016-10-14 00:00:00,2017-03-12 00:00:00
DRV001346,Trần Chi,+1-857-346-1338,MA-1001346,MA-347-2884,Lyft,4.88,ACTIVE,2017-01-07 00:00:00,2017-03-15 00:00:00
DRV001347,Hồ Trang,+1-857-347-1391,MA-1001347,MA-348-2901,Uber,4.55,ACTIVE,2018-08-07 00:00:00,2019-10-30 00:00:00
DRV001348,Nguyễn Minh,+1-857-348-1444,MA-1001348,MA-349-2918,Lyft,4.64,ACTIVE,2017-05-16 00:00:00,2018-06-26 00:00:00
DRV001349,Bùi Quân,+1-857-349-1497,MA-1001349,MA-350-2935,Lyft,4.73,OFFLINE,2018-05-10 00:00:00,2019-06-04 00:00:00
DRV001350,Trần Khánh,+1-857-350-1550,MA-1001350,MA-351-2952,Lyft,4.42,ACTIVE,2017-04-28 00:00:00,2018-01-24 00:00:00
DRV001351,Lê Nam,+1-857-351-1603,MA-1001351,MA-352-2969,Lyft,4.76,ACTIVE,2017-06-08 00:00:00,2018-02-21 00:00:00
DRV001352,Phạm Hải,+1-857-352-1656,MA-1001352,MA-353-2986,Uber,4.68,ACTIVE,2015-07-25 00:00:00,2016-01-13 00:00:00
DRV001353,Đặng Ngọc,+1-857-353-1709,MA-1001353,MA-354-3003,Lyft,4.64,ACTIVE,2017-01-17 00:00:00,2018-04-23 00:00:00
DRV001354,Hồ Ngọc,857ABC9999,MA-1001354,MA-355-3020,Uber,4.7,ACTIVE,2018-09-23 00:00:00,2019-08-10 00:00:00
DRV001355,Vũ Hương,+1-857-355-1815,MA-1001355,MA-356-3037,Uber,5.0,ACTIVE,2017-03-18 00:00:00,2018-10-09 00:00:00
DRV001356,Lê Dũng,+1-857-356-1868,MA-1001356,MA-357-3054,Lyft,4.42,ACTIVE,2017-03-11 00:00:00,2017-07-04 00:00:00
DRV001357,Đỗ Chi,+1-857-357-1921,MA-1001357,MA-358-3071,Lyft,4.98,ACTIVE,2016-10-22 00:00:00,2017-12-18 00:00:00
DRV001358,Đặng Lan,+1-857-358-1974,MA-1001358,MA-359-3088,Uber,4.62,ACTIVE,2016-06-09 00:00:00,2016-11-23 00:00:00
DRV001359,Hồ Lan,+1-857-359-2027,MA-1001359,MA-360-3105,Lyft,4.8,ACTIVE,2018-07-12 00:00:00,2019-05-12 00:00:00
DRV001360,Phạm Quân,+1-857-360-2080,MA-1001360,MA-361-3122,Uber,4.68,ACTIVE,2015-07-03 00:00:00,2016-10-14 00:00:00
DRV001361,Hồ Minh,+1-857-361-2133,MA-1001361,MA-362-3139,Uber,4.3,ACTIVE,2015-06-18 00:00:00,2016-11-15 00:00:00
DRV001362,Hoàng Quân,+1-857-362-2186,MA-1001362,MA-363-3156,Lyft,4.91,ACTIVE,2017-12-06 00:00:00,2019-03-14 00:00:00
DRV001363,Vũ Linh,+1-857-363-2239,MA-1001363,MA-364-3173,Uber,4.86,ACTIVE,2016-12-25 00:00:00,2018-03-19 00:00:00
DRV001364,Trần Phương,+1-857-364-2292,MA-1001364,MA-365-3190,Lyft,4.59,ACTIVE,2018-09-17 00:00:00,2019-03-22 00:00:00
DRV001365,Đặng Quân,+1-857-365-2345,MA-1001365,MA-366-3207,Uber,4.73,ACTIVE,2017-10-18 00:00:00,2018-05-21 00:00:00
DRV001366,Hồ Ngọc,+1-857-366-2398,MA-1001366,MA-367-3224,Uber,4.55,ACTIVE,2017-12-24 00:00:00,2018-06-27 00:00:00
DRV001367,Hoàng Quân,+1-857-367-2451,MA-1001367,MA-368-3241,Uber,4.86,ACTIVE,2017-12-31 00:00:00,2019-05-07 00:00:00
DRV001368,Bùi An,+1-857-368-2504,MA-1001368,MA-369-3258,Uber,4.23,ACTIVE,2015-05-14 00:00:00,2015-10-18 00:00:00
DRV001369,Hồ Hà,+1-857-369-2557,MA-1001369,MA-370-3275,Uber,4.65,ACTIVE,2017-09-01 00:00:00,2018-11-02 00:00:00
DRV001370,Đặng Minh,+1-857-370-2610,MA-1001370,MA-371-3292,Uber,4.65,ACTIVE,2015-09-06 00:00:00,2015-09-21 00:00:00
DRV001371,Lê Phương,+1-857-371-2663,MA-1001371,MA-372-3309,Uber,4.59,ACTIVE,2017-02-18 00:00:00,2018-02-03 00:00:00
DRV001372,Lê Bình,+1-857-372-2716,MA-12,MA-373-3326,Uber,4.92,ACTIVE,2015-12-21 00:00:00,2016-09-11 00:00:00
DRV001373,Đỗ Lan,+1-857-373-2769,MA-1001373,MA-374-3343,Uber,4.86,ACTIVE,2018-04-05 00:00:00,2019-04-24 00:00:00
DRV001374,Bùi Tuấn,+1-857-374-2822,MA-1001374,MA-375-3360,Uber,5.0,OFFLINE,2018-07-03 00:00:00,2019-01-23 00:00:00
DRV001375,Đặng Tuấn,+1-857-375-2875,MA-1001375,MA-376-3377,Lyft,4.95,ACTIVE,2018-01-31 00:00:00,2019-01-09 00:00:00
DRV001376,Đỗ Chi,+1-857-376-2928,MA-1001376,MA-377-3394,Lyft,5.0,ACTIVE,2018-06-05 00:00:00,2018-06-14 00:00:00
DRV001377,Bùi Tuấn,+1-857-377-2981,MA-1001377,MA-378-3411,Lyft,4.97,ACTIVE,2016-04-14 00:00:00,2017-11-27 00:00:00
DRV001378,Hồ Giang,+1-857-378-3034,MA-1001378,MA-379-3428,Uber,4.69,ACTIVE,2015-06-20 00:00:00,2016-08-02 00:00:00
DRV001379,Đỗ Hương,+1-857-379-3087,MA-1001379,MA-380-3445,Uber,4.82,ACTIVE,2016-05-17 00:00:00,2017-11-09 00:00:00
DRV001380,Nguyễn Khánh,+1-857-380-3140,MA-1001380,MA-381-3462,Uber,5.0,ACTIVE,2017-04-10 00:00:00,2018-09-13 00:00:00
DRV001381,Lê Hương,+1-857-381-3193,MA-1001381,MA-382-3479,Lyft,4.72,ACTIVE,2016-08-20 00:00:00,2018-03-20 00:00:00
DRV001382,Đỗ Tuấn,+1-857-382-3246,MA-1001382,MA-383-3496,Uber,4.79,ACTIVE,2016-10-30 00:00:00,2018-02-03 00:00:00
DRV001383,Hoàng Bình,+1-857-383-3299,MA-1001383,MA-384-3513,Lyft,4.53,ACTIVE,2018-07-20 00:00:00,2018-08-11 00:00:00
DRV001384,Bùi Trang,+1-857-384-3352,MA-1001384,MA-385-3530,Uber,4.66,ACTIVE,2017-10-28 00:00:00,2018-10-30 00:00:00
DRV001385,Đặng Linh,+1-857-385-3405,MA-1001385,MA-386-3547,Lyft,4.77,ACTIVE,2018-05-24 00:00:00,2018-07-27 00:00:00
DRV001386,Đỗ Quân,+1-857-386-3458,MA-1001386,MA-387-3564,Uber,4.51,ACTIVE,2017-08-16 00:00:00,2018-10-07 00:00:00
DRV001387,Bùi Giang,+1-857-387-3511,MA-1001387,MA-388-3581,Lyft,4.74,ACTIVE,2017-01-11 00:00:00,2018-09-01 00:00:00
DRV001388,Hồ Tuấn,+1-857-388-3564,MA-1001388,MA-389-3598,Uber,4.82,ACTIVE,2016-06-13 00:00:00,2017-02-18 00:00:00
DRV001389,Hoàng Hương,+1-857-389-3617,MA-1001389,MA-390-3615,Uber,4.2,ACTIVE,2018-07-16 00:00:00,2018-07-29 00:00:00
DRV001390,Hồ Hải,+1-857-390-3670,MA-1001390,MA-391-3632,Uber,4.67,ACTIVE,2017-03-28 00:00:00,2018-05-05 00:00:00
DRV001391,Bùi Linh,+1-857-391-3723,MA-1001391,MA-392-3649,Lyft,4.61,ACTIVE,2016-08-21 00:00:00,2017-08-18 00:00:00
DRV001392,Trần Khánh,+1-857-392-3776,MA-1001392,MA-393-3666,Lyft,4.96,ACTIVE,2016-09-25 00:00:00,2017-10-05 00:00:00
DRV001393,Trần Minh,+1-857-393-3829,MA-1001393,MA-394-3683,Lyft,4.93,ACTIVE,2017-03-24 00:00:00,2017-07-08 00:00:00
DRV001394,Phạm Tuấn,+1-857-394-3882,MA-1001394,MA-395-3700,Uber,4.81,ACTIVE,2018-02-04 00:00:00,2018-07-21 00:00:00
DRV001395,Bùi Ngọc,+1-857-395-3935,MA-1001395,MA-396-3717,Lyft,4.92,ACTIVE,2018-06-27 00:00:00,2018-10-01 00:00:00
DRV001396,Hoàng Khánh,+1-857-396-3988,MA-1001396,MA-397-3734,Uber,4.61,ACTIVE,2017-07-26 00:00:00,2019-03-03 00:00:00
DRV001397,Phạm Chi,+1-857-397-4041,MA-1001397,MA-398-3751,Uber,4.5,ACTIVE,2017-10-26 00:00:00,2018-05-19 00:00:00
DRV001398,Nguyễn An,+1-857-398-4094,MA-1001398,MA-399-3768,Lyft,4.53,ACTIVE,2015-07-19 00:00:00,2016-05-28 00:00:00
DRV001399,Nguyễn Phương,+1-857-399-4147,MA-1001399,MA-400-3785,Lyft,4.54,ACTIVE,2018-02-04 00:00:00,2018-10-06 00:00:00
DRV001400,Hoàng Trang,+1-857-400-4200,MA-1001400,MA-401-3802,Uber,4.86,OFFLINE,2018-03-07 00:00:00,2019-08-31 00:00:00
DRV001401,Hồ Hải,+1-857-401-4253,MA-1001401,MA-402-3819,Lyft,4.88,ACTIVE,2017-04-25 00:00:00,2018-09-10 00:00:00
DRV001402,Bùi Phương,+1-857-402-4306,INVALID,MA-403-3836,Uber,4.73,OFFLINE,2015-12-10 00:00:00,2016-05-25 00:00:00
DRV001403,Vũ Bình,+1-857-403-4359,MA-1001403,MA-404-3853,Lyft,4.92,ACTIVE,2018-08-10 00:00:00,2019-09-16 00:00:00
DRV001404,Đỗ Trang,+1-857-404-4412,MA-1001404,MA-405-3870,Uber,4.98,ACTIVE,2018-03-09 00:00:00,2019-06-06 00:00:00
DRV001405,Bùi Khánh,+1-857-405-4465,MA-1001405,MA-406-3887,Lyft,4.79,ACTIVE,2016-06-25 00:00:00,2017-07-27 00:00:00
DRV001406,Đỗ Nam,+1-857-406-4518,MA-1001406,MA-407-3904,Uber,4.85,ACTIVE,2018-01-24 00:00:00,2018-06-20 00:00:00
DRV001407,Đỗ Minh,+1-857-407-4571,MA-1001407,MA-408-3921,Uber,4.98,ACTIVE,2015-03-23 00:00:00,2015-03-26 00:00:00
DRV001408,Trần Bình,+1-857-408-4624,MA-1001408,MA-409-3938,Uber,4.8,ACTIVE,2018-03-07 00:00:00,2019-06-02 00:00:00
DRV001409,Đỗ Linh,+1-857-409-4677,MA-1001409,MA-410-3955,Lyft,4.9,ACTIVE,2015-11-13 00:00:00,2017-06-20 00:00:00
DRV001410,Bùi Ngọc,+1-857-410-4730,MA-1001410,MA-411-3972,Lyft,4.97,ACTIVE,2016-10-03 00:00:00,2018-03-02 00:00:00
DRV001411,Hồ Phương,+1-857-411-4783,MA-1001411,MA-412-3989,Uber,4.75,ACTIVE,2016-01-16 00:00:00,2016-05-15 00:00:00
DRV001412,Đỗ Phương,+1-857-412-4836,MA-1001412,MA-413-4006,Uber,4.55,ACTIVE,2016-08-13 00:00:00,2017-12-23 00:00:00
DRV001413,Bùi Nam,+1-857-413-4889,MA-1001413,MA-414-4023,Uber,4.65,ACTIVE,2015-05-06 00:00:00,2016-06-16 00:00:00
DRV001414,Đặng Tuấn,+1-857-414-4942,MA-1001414,MA-415-4040,Lyft,4.66,ACTIVE,2018-09-27 00:00:00,2018-10-20 00:00:00
DRV001415,Hồ Tuấn,+1-857-415-4995,MA-1001415,MA-416-4057,Uber,4.42,ACTIVE,2016-09-01 00:00:00,2017-09-02 00:00:00
DRV001416,Hồ Linh,+1-857-416-5048,MA-1001416,MA-417-4074,Uber,4.85,OFFLINE,2016-10-25 00:00:00,2018-03-07 00:00:00
DRV001417,Nguyễn Nam,+1-857-417-5101,MA-1001417,MA-418-4091,Lyft,4.98,OFFLINE,2015-06-26 00:00:00,2015-11-02 00:00:00
DRV001418,Nguyễn Tuấn,+1-857-418-5154,MA-1001418,MA-419-4108,Uber,4.6,ACTIVE,2018-03-28 00:00:00,2019-04-09 00:00:00
DRV001419,Đặng Quân,+1-857-419-5207,MA-1001419,MA-420-4125,Uber,4.62,ACTIVE,2018-07-21 00:00:00,2019-03-04 00:00:00
DRV001420,Phạm Hà,+1-857-420-5260,MA-1001420,MA-421-4142,Lyft,4.47,ACTIVE,2017-08-01 00:00:00,2018-08-14 00:00:00
DRV001421,Vũ Trang,+1-857-421-5313,MA-1001421,MA-422-4159,Uber,4.54,ACTIVE,2017-03-05 00:00:00,2018-10-16 00:00:00
DRV001422,Đỗ Linh,+1-857-422-5366,MA-1001422,MA-423-4176,Uber,4.92,ACTIVE,2015-11-30 00:00:00,2016-07-25 00:00:00
DRV001423,Lê Phương,+1-857-423-5419,MA-1001423,MA-424-4193,Uber,4.66,ACTIVE,2016-05-05 00:00:00,2016-11-16 00:00:00
DRV001424,Nguyễn Quân,+1-857-424-5472,MA-1001424,MA-425-4210,Uber,4.91,OFFLINE,2015-04-01 00:00:00,2016-09-06 00:00:00
DRV001425,Đặng Lan,+1-857-425-5525,MA-1001425,MA-426-4227,Uber,5.0,ACTIVE,2016-12-19 00:00:00,2017-06-13 00:00:00
DRV001426,Trần Chi,+1-857-426-5578,MA-1001426,MA-427-4244,Uber,4.41,ACTIVE,2017-07-28 00:00:00,2017-12-09 00:00:00
DRV001427,Vũ Trang,+1-857-427-5631,MA-1001427,MA-428-4261,Uber,4.86,OFFLINE,2016-09-14 00:00:00,2017-05-14 00:00:00
DRV001428,Vũ Phương,+1-857-428-5684,MA-1001428,MA-429-4278,Lyft,4.6,ACTIVE,2015-03-02 00:00:00,2016-03-07 00:00:00
DRV001429,Hoàng Linh,+1-857-429-5737,MA-1001429,MA-430-4295,Lyft,4.41,ACTIVE,2017-09-22 00:00:00,2018-01-01 00:00:00
,Bùi Quân,+1-857-430-5790,MA-1001430,MA-431-4312,Lyft,4.49,ACTIVE,2018-07-05 00:00:00,2019-08-21 00:00:00
DRV001431,Phạm Nam,+1-857-431-5843,MA-1001431,MA-432-4329,Lyft,4.39,ACTIVE,2016-08-14 00:00:00,2017-09-13 00:00:00
DRV001432,Bùi An,+1-857-432-5896,MA-1001432,MA-433-4346,Lyft,4.48,ACTIVE,2018-02-25 00:00:00,2019-05-02 00:00:00
DRV001433,Vũ Dũng,+1-857-433-5949,MA-1001433,MA-434-4363,Uber,4.71,ACTIVE,2015-08-31 00:00:00,2016-06-01 00:00:00
DRV001434,Bùi Lan,+1-857-434-6002,MA-1001434,MA-435-4380,Lyft,4.48,ACTIVE,2018-07-24 00:00:00,2018-10-28 00:00:00
DRV001435,Lê Linh,+1-857-435-6055,MA-1001435,MA-436-4397,Uber,4.89,ACTIVE,2017-01-13 00:00:00,2018-05-11 00:00:00
DRV001436,Đặng Lan,+1-857-436-6108,MA-1001436,MA-437-4414,Uber,4.97,ACTIVE,2016-06-27 00:00:00,2016-07-27 00:00:00
DRV001437,Phạm Trang,+1-857-437-6161,MA-1001437,MA-438-4431,Uber,4.64,ACTIVE,2018-06-09 00:00:00,2019-03-05 00:00:00
DRV001438,Bùi Chi,+1-857-438-6214,MA-1001438,MA-439-4448,Lyft,5.0,ACTIVE,2018-07-26 00:00:00,2019-12-04 00:00:00
DRV001439,Đặng Nam,857ABC9999,MA-1001439,MA-440-4465,Uber,4.9,ACTIVE,2015-08-28 00:00:00,2017-02-01 00:00:00
DRV001440,Phạm Nam,+1-857-440-6320,MA-1001440,MA-441-4482,Uber,5.0,ACTIVE,2016-12-03 00:00:00,2017-03-16 00:00:00
DRV001441,Hồ Dũng,+1-857-441-6373,MA-1001441,MA-442-4499,Uber,4.85,ACTIVE,2018-03-27 00:00:00,2019-03-29 00:00:00
DRV001442,Hồ Nam,+1-857-442-6426,MA-1001442,MA-443-4516,Uber,4.76,ACTIVE,2016-04-11 00:00:00,2017-05-20 00:00:00
DRV001443,Bùi Phương,+1-857-443-6479,MA-1001443,MA-444-4533,Uber,4.75,ACTIVE,2018-08-10 00:00:00,2020-02-09 00:00:00
DRV001444,Đỗ Bình,+1-857-444-6532,MA-1001444,MA-445-4550,Uber,4.73,ACTIVE,2017-01-30 00:00:00,2018-06-15 00:00:00
DRV001445,Đỗ An,+1-857-445-6585,MA-1001445,MA-446-4567,Uber,4.89,ACTIVE,2018-06-13 00:00:00,2018-09-10 00:00:00
DRV001446,Trần Giang,+1-857-446-6638,MA-1001446,MA-447-4584,Lyft,4.77,ACTIVE,2017-01-27 00:00:00,2017-11-09 00:00:00
DRV001447,Bùi Ngọc,+1-857-447-6691,MA-1001447,MA-448-4601,Lyft,4.87,ACTIVE,2018-04-02 00:00:00,2019-03-29 00:00:00
DRV001448,Bùi Hà,+1-857-448-6744,MA-1001448,MA-449-4618,Lyft,4.96,ACTIVE,2015-03-12 00:00:00,2015-09-26 00:00:00
DRV001449,Bùi Hải,+1-857-449-6797,MA-1001449,MA-450-4635,Uber,4.68,ACTIVE,2018-03-11 00:00:00,2019-04-08 00:00:00
DRV001450,Trần Giang,+1-857-450-6850,MA-1001450,MA-451-4652,Lyft,4.66,OFFLINE,2017-09-28 00:00:00,2018-11-05 00:00:00
DRV001451,Hồ Lan,+1-857-451-6903,MA-1001451,MA-452-4669,Uber,4.66,ACTIVE,2018-01-20 00:00:00,2018-05-10 00:00:00
DRV001452,Lê Trang,+1-857-452-6956,MA-1001452,MA-453-4686,Lyft,4.59,OFFLINE,2015-09-23 00:00:00,2017-01-23 00:00:00
DRV001453,Đặng Trang,+1-857-453-7009,MA-1001453,MA-454-4703,Lyft,5.0,ACTIVE,2015-09-24 00:00:00,2015-12-04 00:00:00
DRV001454,Lê Linh,+1-857-454-7062,MA-1001454,MA-455-4720,Lyft,4.87,ACTIVE,2018-06-21 00:00:00,2019-11-20 00:00:00
DRV001455,Hồ Bình,+1-857-455-7115,MA-1001455,MA-456-4737,Lyft,4.85,ACTIVE,2016-01-29 00:00:00,2017-06-09 00:00:00
DRV001456,Hồ Tuấn,+1-857-456-7168,MA-1001456,MA-457-4754,Lyft,4.65,ACTIVE,2016-11-11 00:00:00,2017-08-24 00:00:00
DRV001457,Hồ Hương,+1-857-457-7221,MA-1001457,MA-458-4771,Uber,5.0,OFFLINE,2016-06-06 00:00:00,2016-12-15 00:00:00
DRV001458,Lê Tuấn,+1-857-458-7274,MA-1001458,MA-459-4788,Lyft,4.89,OFFLINE,2018-02-02 00:00:00,2018-03-31 00:00:00
DRV001459,Đặng Nam,+1-857-459-7327,MA-1001459,MA-460-4805,Uber,4.74,ACTIVE,2015-07-30 00:00:00,2016-11-28 00:00:00
DRV001460,Hoàng Bình,+1-857-460-7380,MA-1001460,MA-461-4822,Uber,4.79,ACTIVE,2016-05-29 00:00:00,2016-10-04 00:00:00
DRV001461,Đặng Hương,+1-857-461-7433,MA-1001461,MA-462-4839,Uber,5.0,ACTIVE,2017-10-19 00:00:00,2019-04-22 00:00:00
DRV001462,Nguyễn Phương,+1-857-462-7486,MA-1001462,MA-463-4856,Lyft,5.0,ACTIVE,2018-01-06 00:00:00,2018-02-12 00:00:00
DRV001463,Bùi Giang,+1-857-463-7539,MA-1001463,MA-464-4873,Lyft,4.37,OFFLINE,2017-06-09 00:00:00,2018-05-08 00:00:00
DRV001464,Đỗ Nam,+1-857-464-7592,MA-1001464,MA-465-4890,Uber,4.97,ACTIVE,2016-09-26 00:00:00,2017-10-08 00:00:00
DRV001465,Vũ Phương,+1-857-465-7645,MA-1001465,MA-466-4907,Uber,5.0,ACTIVE,2017-08-17 00:00:00,2018-02-12 00:00:00
DRV001466,Đỗ Hải,+1-857-466-7698,MA-1001466,MA-467-4924,Lyft,4.79,ACTIVE,2017-11-29 00:00:00,2018-11-12 00:00:00
DRV001467,Bùi Lan,+1-857-467-7751,MA-1001467,MA-468-4941,Lyft,4.28,ACTIVE,2018-03-13 00:00:00,2018-03-18 00:00:00
DRV001468,Trần Khánh,+1-857-468-7804,MA-1001468,MA-469-4958,Uber,4.65,ACTIVE,2017-08-16 00:00:00,2018-09-14 00:00:00
DRV001469,Trần Lan,+1-857-469-7857,MA-1001469,MA-470-4975,Uber,4.37,ACTIVE,2016-08-14 00:00:00,2016-09-16 00:00:00
DRV001470,Đặng Dũng,+1-857-470-7910,MA-1001470,MA-471-4992,Lyft,4.63,ACTIVE,2015-06-07 00:00:00,2016-01-23 00:00:00
DRV001471,Hồ Ngọc,+1-857-471-7963,MA-1001471,MA-472-5009,Lyft,4.66,ACTIVE,2018-06-02 00:00:00,2019-06-26 00:00:00
DRV001472,Bùi Tuấn,+1-857-472-8016,MA-1001472,MA-473-5026,Lyft,4.95,ACTIVE,2016-05-21 00:00:00,2016-05-24 00:00:00
DRV001473,Hoàng Phương,+1-857-473-8069,MA-1001473,MA-474-5043,Uber,4.62,ACTIVE,2016-03-23 00:00:00,2017-01-19 00:00:00
DRV001474,Nguyễn An,+1-857-474-8122,MA-1001474,MA-475-5060,Uber,4.65,ACTIVE,2016-09-30 00:00:00,2017-12-27 00:00:00
DRV001475,Phạm Khánh,+1-857-475-8175,MA-1001475,MA-476-5077,Uber,4.8,ACTIVE,2016-03-05 00:00:00,2017-01-04 00:00:00
DRV001476,Phạm Lan,+1-857-476-8228,MA-1001476,MA-477-5094,Uber,4.76,ACTIVE,2016-01-19 00:00:00,2016-08-26 00:00:00
DRV001477,Đỗ Trang,+1-857-477-8281,MA-1001477,MA-478-5111,Uber,4.5,ACTIVE,2015-07-18 00:00:00,2015-10-02 00:00:00
DRV001478,Đặng Phương,+1-857-478-8334,MA-1001478,MA-479-5128,Uber,4.71,ACTIVE,2015-09-29 00:00:00,2017-01-01 00:00:00
DRV001479,Đặng Quân,+1-857-479-8387,MA-1001479,MA-480-5145,Lyft,4.79,ACTIVE,2017-03-15 00:00:00,2018-05-22 00:00:00
DRV001480,Hoàng Hải,+1-857-480-8440,MA-1001480,MA-481-5162,Uber,4.35,ACTIVE,2016-02-24 00:00:00,2017-04-11 00:00:00
DRV001481,Trần Chi,+1-857-481-8493,MA-1001481,MA-482-5179,Uber,4.5,OFFLINE,2015-04-08 00:00:00,2016-05-27 00:00:00
DRV001482,Đỗ Hương,+1-857-482-8546,MA-1001482,MA-483-5196,Uber,4.85,OFFLINE,2017-10-29 00:00:00,2018-04-26 00:00:00
DRV001483,Đỗ Khánh,+1-857-483-8599,MA-1001483,MA-484-5213,Uber,4.94,OFFLINE,2018-02-09 00:00:00,2019-07-21 00:00:00
DRV001484,Vũ Hương,+1-857-484-8652,MA-1001484,MA-485-5230,Uber,4.74,ACTIVE,2016-10-21 00:00:00,2017-12-30 00:00:00
DRV001485,Nguyễn Hà,+1-857-485-8705,MA-1001485,MA-486-5247,Uber,4.62,OFFLINE,2016-02-01 00:00:00,2016-03-26 00:00:00
DRV001486,Phạm Hương,+1-857-486-8758,MA-1001486,MA-487-5264,Uber,4.78,ACTIVE,2016-03-21 00:00:00,2016-04-22 00:00:00
DRV001487,Đỗ Khánh,+1-857-487-8811,MA-1001487,MA-488-5281,Uber,4.58,ACTIVE,2016-09-10 00:00:00,2017-10-14 00:00:00
DRV001488,Hoàng Minh,+1-857-488-8864,MA-1001488,MA-489-5298,Lyft,4.31,ACTIVE,2018-04-13 00:00:00,2019-03-25 00:00:00
DRV001489,Vũ Ngọc,+1-857-489-8917,MA-1001489,MA-490-5315,Uber,4.48,ACTIVE,2016-08-29 00:00:00,2018-03-04 00:00:00
DRV001490,Trần Chi,+1-857-490-8970,MA-1001490,MA-491-5332,Uber,5.0,ACTIVE,2015-02-03 00:00:00,2015-07-26 00:00:00
DRV001491,Đỗ Linh,+1-857-491-9023,MA-1001491,MA-492-5349,Uber,4.61,ACTIVE,2018-06-21 00:00:00,2020-01-20 00:00:00
DRV001492,Đỗ An,+1-857-492-9076,MA-1001492,MA-493-5366,Uber,5.0,ACTIVE,2016-08-31 00:00:00,2017-10-14 00:00:00
DRV001493,Vũ Khánh,+1-857-493-9129,MA-1001493,MA-494-5383,Lyft,4.7,ACTIVE,2016-05-17 00:00:00,2017-04-04 00:00:00
DRV001494,Đỗ Hải,+1-857-494-9182,MA-1001494,MA-495-5400,Uber,4.94,ACTIVE,2017-11-23 00:00:00,2018-04-06 00:00:00
DRV001495,Nguyễn Chi,+1-857-495-9235,MA-1001495,MA-496-5417,Uber,4.84,ACTIVE,2018-07-10 00:00:00,2019-11-27 00:00:00
DRV001496,Trần Linh,+1-857-496-9288,MA-1001496,MA-497-5434,Lyft,4.59,ACTIVE,2018-05-31 00:00:00,2019-08-10 00:00:00
DRV001497,Vũ Giang,+1-857-497-9341,MA-1001497,MA-498-5451,Uber,4.82,ACTIVE,2016-04-21 00:00:00,2017-10-14 00:00:00
DRV001498,Hoàng Chi,+1-857-498-9394,MA-1001498,MA-499-5468,Uber,4.75,ACTIVE,2017-09-29 00:00:00,2018-02-13 00:00:00
DRV001499,Vũ Khánh,+1-857-499-9447,MA-1001499,MA-500-5485,Uber,4.68,ACTIVE,2017-04-16 00:00:00,2018-04-20 00:00:00
DRV001500,Nguyễn Trang,+1-857-500-9500,MA-1001500,MA-501-5502,Uber,4.88,ACTIVE,2015-03-14 00:00:00,2016-07-29 00:00:00
